Sample ID,Site,Block ,Treatment,Study Year,Date ,NH4,NH4_LOD,NO3,N03_LOD,Mg,Mg_LOD,P,P_LOD,EC,pH,,,,,,
AB1PC0,A,1,PC0,1,12_27_23,0.506126885,0.18063,103.4606123,2.083959905,43.87,1.6646,0.167,0.0098,0.61,7.92,,,,,,
AB1PC1,A,1,PC1,1,12_27_23,1.098469601,0.18063,91.66874588,1.978639593,63.61,1.6646,0.2113,0.0098,0.88,7.6,,,,,,
AB1PC2,A,1,PC2,1,12_27_23,LOD,0.18063,53.77443794,2.445265054,27.2,1.6646,0.2554,0.0098,0.41,7.69,,,,,,
AB1MC0,A,1,MC0,1,12_27_23,2.762015984,0.18063,106.9064159,2.083959905,29.76,1.6646,0.601,0.0098,0.88,8.48,,,,,,
AB1MC1,A,1,MC1,1,12_27_23,3.304293247,0.18063,32.15964636,2.445265054,158.82,1.6646,0.2292,0.0098,2.15,NA,,,,,,
AB1MC2,A,1,MC2,1,12_27_23,NA,0.18063,NA,NA,NA,1.6646,NA,0.0098,NA,NA,,,,,,
AB2PC0,A,2,PC0,1,12_27_23,0.355537936,0.18063,155.1507991,2.083959905,36.95,1.6646,0.1182,0.0098,0.64,7.78,,,,,,
AB2PC1,A,2,PC1,1,12_27_23,LOD,0.18063,106.9563559,2.083959905,29.96,1.6646,0.2311,0.0098,0.59,7.57,,,,,,
AB2PC2,A,2,PC2,1,12_27_23,NA,0.18063,NA,NA,NA,1.6646,NA,0.0098,NA,NA,,,,,,
AB2MC0,A,2,MC0,1,12_27_23,3.268952934,0.18063,217.7029951,2.146271844,40.7,1.6646,0.2723,0.0098,1.1,7.92,,,,,,
AB2MC1,A,2,MC1,1,12_27_23,2.030864472,0.18063,41.22112313,2.445265054,130.79,1.6646,0.2317,0.0098,1.72,7.54,,,,,,
AB2MC2,A,2,MC2,1,12_27_23,LOD,0.18063,101.6440792,1.978639593,35.39,1.6646,0.1301,0.0098,0.66,7.6,,,,,,
AB3PC0,A,3,PC0,1,12_27_23,LOD,0.18063,24.50434208,2.445265054,53.19,1.6646,0.1641,0.0098,0.57,7.57,,,,,,
AB3PC1,A,3,PC1,1,12_27_23,2.65874384,0.18063,4.704676414,2.445265054,144.58,1.6646,0.3156,0.0098,1.61,7.23,,,,,,
AB3PC2,A,3,PC2,1,12_27_23,0.25521075,0.18063,103.4481254,2.083959905,69.72,1.6646,0.585,0.0098,0.88,7.37,,,,,,
AB3MC0,A,3,MC0,1,12_27_23,NA,0.18063,NA,NA,NA,1.6646,NA,0.0098,NA,NA,,,,,,
AB3MC1,A,3,MC1,1,12_27_23,0.315485591,0.18063,19.43173879,2.445265054,119.48,1.6646,0.2531,0.0098,1.5,7.05,,,,,,
AB3MC2,A,3,MC2,1,12_27_23,NA,0.18063,NA,NA,NA,1.6646,NA,0.0098,NA,NA,,,,,,
AB4PC0,A,4,PC0,1,12_27_23,6.752917768,0.18063,NA,NA,NA,1.6646,NA,0.0098,NA,NA,,,,,,
AB4PC1,A,4,PC1,1,12_27_23,LOD,0.18063,65.87004166,2.445265054,52.52,1.6646,0.4663,0.0098,0.6,7.36,,,,,,
AB4PC2,A,4,PC2,1,12_27_23,NA,0.18063,NA,NA,NA,1.6646,NA,0.0098,NA,NA,,,,,,
AB4MC0,A,4,MC0,1,12_27_23,LOD,0.18063,83.25058696,2.445265054,52.74,1.6646,0.1619,0.0098,0.99,8.04,,,,,,
AB4MC1,A,4,MC1,1,12_27_23,0.607632101,0.18063,4.224941996,2.445265054,105.28,1.6646,0.263,0.0098,1.32,7.96,,,,,,
AB4MC2,A,4,MC2,1,12_27_23,LOD,0.18063,113.8947815,1.978639593,183.55,1.6646,0.38,0.0098,2.15,7.65,,,,,,
BB1PC0,B,1,PC0,1,12_27_23,0.99127,0.15708,97.58963198,1.978639593,34.07,1.6646,0.1311,0.0098,1.15,8.02,,,,,,
BB1PC1,B,1,PC1,1,12_27_23,1.22648,0.15708,132.921615,1.978639593,26.15,1.6646,0.158,0.0098,1.41,8.03,,,,,,
BB1PC2,B,1,PC2,1,12_27_23,2.65639,0.15708,89.23704022,2.445265054,56.94,1.6646,0.1197,0.0098,1.56,7.93,,,,,,
BB1MC0,B,1,MC0,1,12_27_23,1.38826,0.15708,151.6893907,1.978639593,38.8,1.6646,0.1692,0.0098,1.31,8,,,,,,
BB1MC1,B,1,MC1,1,12_27_23,3.34572,0.15708,125.6835604,1.978639593,33.445,1.6646,0.0649,0.0098,1.06,8.04,,,,,,
BB1MC2,B,1,MC2,1,12_27_23,0.91372,0.15708,245.1086912,2.146271844,40.37,1.6646,0.2019,0.0098,2.19,7.83,,,,,,
BB2PC0,B,2,PC0,1,12_27_23,0.63198,0.15708,115.0777191,1.978639593,25.76,1.6646,0.1519,0.0098,1.49,8.34,,,,,,
BB2PC1,B,2,PC1,1,12_27_23,0.55541,0.15708,77.64319612,2.445265054,62.22,1.6646,0.141,0.0098,1.93,7.89,,,,,,
BB2PC2,B,2,PC2,1,12_27_23,NA,0.15708,NA,NA,NA,1.6646,NA,0.0098,NA,NA,,,,,,
BB2MC0,B,2,MC0,1,12_27_23,0.53165,0.15708,236.7848956,2.146271844,66.18,1.6646,0.2394,0.0098,2.48,7.84,,,,,,
BB2MC1,B,2,MC1,1,12_27_23,1.33564,0.15708,81.4873641,2.445265054,140.03,1.6646,0.2356,0.0098,3.26,7.5,,,,,,
BB2MC2,B,2,MC2,1,12_27_23,0.88093,0.15708,195.8894971,2.146271844,69.97,1.6646,0.1673,0.0098,2.43,7.87,,,,,,
BB3PC0,B,3,PC0,1,12_27_23,LOD,0.15708,7.649145368,2.445265054,58.29,1.6646,1.843,0.0098,2,7.71,,,,,,
BB3PC1,B,3,PC1,1,12_27_23,NA,0.15708,NA,NA,NA,1.6646,NA,0.0098,NA,NA,,,,,,
BB3PC2,B,3,PC2,1,12_27_23,LOD,0.15708,194.4550068,2.146271844,26.01,1.6646,0.2065,0.0098,1.56,7.99,,,,,,
BB3MC0,B,3,MC0,1,12_27_23,NA,0.15708,NA,NA,NA,1.6646,NA,0.0098,NA,NA,,,,,,
BB3MC1,B,3,MC1,1,12_27_23,NA,0.15708,NA,NA,NA,1.6646,NA,0.0098,NA,NA,,,,,,
BB3MC2,B,3,MC2,1,12_27_23,0.42975,0.15708,64.46386447,2.445265054,69.49,1.6646,0.1926,0.0098,1.61,7.94,,,,,,
BB4PC0,B,4,PC0,1,12_27_23,LOD,0.15708,170.1820213,2.146271844,46.06,1.6646,0.1193,0.0098,1.11,7.99,,,,,,
BB4PC1,B,4,PC1,1,12_27_23,2.64363,0.15708,253.1304848,2.146271844,111.9,1.6646,0.3298,0.0098,2.64,7.74,,,,,,
BB4PC2,B,4,PC2,1,12_27_23,NA,0.15708,NA,NA,NA,1.6646,NA,0.0098,NA,NA,,,,,,
BB4MC0,B,4,MC0,1,12_27_23,NA,0.15708,NA,NA,NA,1.6646,NA,0.0098,NA,NA,,,,,,
BB4MC1,B,4,MC1,1,12_27_23,LOD,0.15708,83.48809114,1.978639593,109.08,1.6646,0.1578,0.0098,2.32,7.8,,,,,,
BB4MC2,B,4,MC2,1,12_27_23,1.01247,0.15708,106.9969308,1.978639593,109.85,1.6646,0.1069,0.0098,3.01,7.62,,,,,,
AB1PC0,A,1,PC0,1,1_12_24,LOD,0.183778,14.22858564,2.19474743,33.69,0.3661,0.0873,0.0108,0.47,7.17,,,,,,
AB1PC1,A,1,PC1,1,1_12_24,LOD,0.183778,9.503594218,2.19474743,35.59,0.3661,0.1303,0.0108,0.52,7.31,,,,,,
AB1PC2,A,1,PC2,1,1_12_24,LOD,0.183778,LOD,2.19474743,25.89,0.3661,0.1107,0.0108,0.36,7.35,,,,,,
AB1MC0,A,1,MC0,1,1_12_24,LOD,0.183778,67.66628777,2.19474743,44.36,0.3661,0.4547,0.0108,0.94,7.9,,,,,,
AB1MC1,A,1,MC1,1,1_12_24,LOD,0.183778,9.99591158,2.19474743,167.19,0.3661,0.0662,0.0108,2.12,7.64,,,,,,
AB1MC2,A,1,MC2,1,1_12_24,LOD,0.183778,70.16877255,2.19474743,186.24,0.3661,0.0447,0.0108,2.51,7.35,,,,,,
AB2PC0,A,2,PC0,1,1_12_24,LOD,0.183778,62.03688393,2.19474743,18.18,0.3661,0.0582,0.0108,0.37,7.6,,,,,,
AB2PC1,A,2,PC1,1,1_12_24,LOD,0.183778,LOD,2.19474743,10.36,0.3661,0.0821,0.0108,0.28,7.66,,,,,,
AB2PC2,A,2,PC2,1,1_12_24,LOD,0.183778,79.04465194,2.19474743,28.29,0.3661,0.0988,0.0108,0.43,7.37,,,,,,
AB2MC0,A,2,MC0,1,1_12_24,0.375714822,0.183778,244.8004041,2.146271844,58.88,0.3661,0.15522,0.0108,1.26,8.04,,,,,,
AB2MC1,A,2,MC1,1,1_12_24,0.210495046,0.183778,11.76227888,2.19474743,110.41,0.3661,0.1147,0.0108,1.39,7.8,,,,,,
AB2MC2,A,2,MC2,1,1_12_24,0.5857847,0.183778,53.29470259,2.19474743,19.86,0.3661,0.1088,0.0108,0.41,7.64,,,,,,
AB3PC0,A,3,PC0,1,1_12_24,LOD,0.183778,LOD,2.19474743,49.76,0.3661,0.0852,0.0108,0.52,7.61,,,,,,
AB3PC1,A,3,PC1,1,1_12_24,LOD,0.183778,LOD,2.19474743,175.71,0.3661,0.1114,0.0108,1.84,7.3,,,,,,
AB3PC2,A,3,PC2,1,1_12_24,LOD,0.183778,3.871039365,2.19474743,68.73,0.3661,0.1309,0.0108,0.74,7.47,,,,,,
AB3MC0,A,3,MC0,1,1_12_24,LOD,0.183778,11.25737764,2.19474743,71.18,0.3661,0.2222,0.0108,1.01,8.17,,,,,,
AB3MC1,A,3,MC1,1,1_12_24,LOD,0.183778,35.45801747,2.19474743,73.25,0.3661,0.1721,0.0108,0.88,7.92,,,,,,
AB3MC2,A,3,MC2,1,1_12_24,LOD,0.183778,LOD,2.19474743,110.45,0.3661,0.0891,0.0108,1.44,7.47,,,,,,
AB4PC0,A,4,PC0,1,1_12_24,LOD,0.183778,6.985381582,2.19474743,36.19,0.3661,0.1969,0.0108,0.55,7.63,,,,,,
AB4PC1,A,4,PC1,1,1_12_24,LOD,0.183778,14.09174407,2.19474743,41.89,0.3661,0.1691,0.0108,0.5,7.97,,,,,,
AB4PC2,A,4,PC2,1,1_12_24,LOD,0.183778,14.80426694,2.19474743,51.53,0.3661,0.2085,0.0108,0.65,7.86,,,,,,
AB4MC0,A,4,MC0,1,1_12_24,LOD,0.183778,9.697060677,2.19474743,55.43,0.3661,0.0959,0.0108,0.88,8.1,,,,,,
AB4MC1,A,4,MC1,1,1_12_24,LOD,0.183778,LOD,2.19474743,118.06,0.3661,0.0797,0.0108,1.47,7.83,,,,,,
AB4MC2,A,4,MC2,1,1_12_24,LOD,0.183778,23.68957875,2.19474743,163.15,0.3661,0.0931,0.0108,1.97,7.34,,,,,,
BB1PC0,B,1,PC0,1,1_12_24,LOD,0.167403,33.75613852,2.119290743,42.252,0.3661,0.0708,0.0108,1.14,8.37,,,,,,
BB1PC1,B,1,PC1,1,1_12_24,LOD,0.167403,43.21241495,2.119290743,57.96,0.3661,0.0624,0.0108,1.5,8.21,,,,,,
BB1PC2,B,1,PC2,1,1_12_24,LOD,0.167403,46.52179632,2.119290743,66.17,0.3661,0.1488,0.0108,1.37,8.21,,,,,,
BB1MC0,B,1,MC0,1,1_12_24,LOD,0.167403,105.8608153,2.119290743,47.37,0.3661,0.0587,0.0108,1.2,8.27,,,,,,
BB1MC1,B,1,MC1,1,1_12_24,1.334550211,0.167403,58.62211577,2.119290743,55.02,0.3661,0.1092,0.0108,1.38,8.26,,,,,,
BB1MC2,B,1,MC2,1,1_12_24,0.361204502,0.167403,102.9955545,2.119290743,44.541,0.3661,0.1666,0.0108,1.96,8.21,,,,,,
BB2PC0,B,2,PC0,1,1_12_24,LOD,0.167403,82.63085902,2.119290743,58.59,0.3661,0.0773,0.0108,1.86,8.23,,,,,,
BB2PC1,B,2,PC1,1,1_12_24,LOD,0.167403,146.7454155,2.119290743,70.74,0.3661,0.1057,0.0108,1.63,8.16,,,,,,
BB2PC2,B,2,PC2,1,1_12_24,0.255180231,0.167403,152.0264767,2.119290743,97.98,0.3661,0.1937,0.0108,5.24,8.3,,,,,,
BB2MC0,B,2,MC0,1,1_12_24,3.867260682,0.167403,109.2878923,2.119290743,NA,0.3661,NA,0.0108,NA,NA,,,,,,
BB2MC1,B,2,MC1,1,1_12_24,LOD,0.167403,109.8091336,2.119290743,143.9,0.3661,0.1038,0.0108,2.92,7.96,,,,,,
BB2MC2,B,2,MC2,1,1_12_24,LOD,0.167403,81.37568655,2.119290743,91.42,0.3661,0.1446,0.0108,2.39,8.21,,,,,,
BB3PC0,B,3,PC0,1,1_12_24,LOD,0.167403,3.963840395,2.119290743,87.97,0.3661,0.1176,0.0108,2.1,7.93,,,,,,
BB3PC1,B,3,PC1,1,1_12_24,0.16861299,0.167403,NA,NA,NA,0.3661,NA,0.0108,NA,NA,,,,,,
BB3PC2,B,3,PC2,1,1_12_24,LOD,0.167403,NA,NA,NA,0.3661,NA,0.0108,NA,NA,,,,,,
BB3MC0,B,3,MC0,1,1_12_24,LOD,0.167403,233.370146,2.119290743,41.91,0.3661,0.1528,0.0108,1.4,8.48,,,,,,
BB3MC1,B,3,MC1,1,1_12_24,LOD,0.167403,NA,NA,NA,0.3661,NA,0.0108,NA,NA,,,,,,
BB3MC2,B,3,MC2,1,1_12_24,0.743749291,0.167403,18.28037619,2.119290743,95.78,0.3661,0.1175,0.0108,1.83,8.07,,,,,,
BB4PC0,B,4,PC0,1,1_12_24,LOD,0.167403,101.3506807,2.119290743,44.56,0.3661,0.0493,0.0108,1.08,8.36,,,,,,
BB4PC1,B,4,PC1,1,1_12_24,0.49344626,0.167403,74.01923692,2.119290743,87.09,0.3661,0.1516,0.0108,1.78,8.07,,,,,,
BB4PC2,B,4,PC2,1,1_12_24,LOD,0.167403,NA,NA,LOD,0.3661,LOD,0.0108,NA,NA,,,,,,
BB4MC0,B,4,MC0,1,1_12_24,0.287663546,0.167403,123.0835898,2.119290743,74.81,0.3661,0.013,0.0108,1.78,8.2,,,,,,
BB4MC1,B,4,MC1,1,1_12_24,0.204229218,0.167403,207.1955034,2.119290743,98.72,0.3661,0.09,0.0108,2.07,8.14,,,,,,
BB4MC2,B,4,MC2,1,1_12_24,0.395996291,0.167403,4.574125613,2.119290743,143.55,0.3661,0.0541,0.0108,3,7.86,,,,,,
AB1PC0,A,1,PC0,1,1_23_24,LOD,0.196915,LOD,2.007,21.87,1.6646,0.0261,0.0098,0.35,7.22,,,,,,
AB1PC1,A,1,PC1,1,1_23_24,LOD,0.196915,LOD,2.007,18.836,1.6646,0.0372,0.0098,0.36,7.41,,,,,,
AB1PC2,A,1,PC2,1,1_23_24,LOD,0.196915,LOD,2.007,18.76,1.6646,0.036,0.0098,0.29,7.7,,,,,,
AB1MC0,A,1,MC0,1,1_23_24,LOD,0.196915,6.153317226,2.007,50.55,1.6646,0.0788,0.0098,0.78,8.23,,,,,,
AB1MC1,A,1,MC1,1,1_23_24,LOD,0.196915,52.79137544,2.007,28.75,1.6646,0.053,0.0098,0.52,NA,,,,,,
AB1MC2,A,1,MC2,1,1_23_24,LOD,0.196915,LOD,2.007,144.4,1.6646,LOD,0.0098,1.9,NA,,,,,,
AB2PC0,A,2,PC0,1,1_23_24,LOD,0.196915,3.713749515,2.007,8.81,1.6646,0.0144,0.0098,0.25,7.36,,,,,,
AB2PC1,A,2,PC1,1,1_23_24,LOD,0.196915,LOD,2.007,9.72,1.6646,0.0234,0.0098,0.28,7.32,,,,,,
AB2PC2,A,2,PC2,1,1_23_24,LOD,0.196915,15.1691803,2.007,19.558,1.6646,0.0476,0.0098,0.34,7.18,,,,,,
AB2MC0,A,2,MC0,1,1_23_24,LOD,0.196915,227.756444,2.007,58.49,1.6646,0.0901,0.0098,1.15,7.83,,,,,,
AB2MC1,A,2,MC1,1,1_23_24,0.198458069,0.196915,LOD,2.007,199.11,1.6646,LOD,0.0098,2.38,NA,,,,,,
AB2MC2,A,2,MC2,1,1_23_24,LOD,0.196915,5.033412219,2.007,96.72,1.6646,0.0622,0.0098,1.23,NA,,,,,,
AB3PC0,A,3,PC0,1,1_23_24,LOD,0.196915,LOD,2.007,32.94,1.6646,0.0172,0.0098,0.4,7.53,,,,,,
AB3PC1,A,3,PC1,1,1_23_24,LOD,0.196915,LOD,2.007,192.16,1.6646,LOD,0.0098,2.07,7.47,,,,,,
AB3PC2,A,3,PC2,1,1_23_24,LOD,0.196915,LOD,2.007,46.06,1.6646,0.0643,0.0098,0.54,7.59,,,,,,
AB3MC0,A,3,MC0,1,1_23_24,LOD,0.196915,LOD,2.007,55.15,1.6646,0.1108,0.0098,0.71,8.17,,,,,,
AB3MC1,A,3,MC1,1,1_23_24,LOD,0.196915,5.610666681,2.007,73.12,1.6646,0.023,0.0098,0.84,7.8,,,,,,
AB3MC2,A,3,MC2,1,1_23_24,LOD,0.196915,LOD,2.007,131.03,1.6646,0.0272,0.0098,1.56,7.52,,,,,,
AB4PC0,A,4,PC0,1,1_23_24,LOD,0.196915,LOD,2.007,19.05,1.6646,0.0406,0.0098,0.33,7.65,,,,,,
AB4PC1,A,4,PC1,1,1_23_24,LOD,0.196915,LOD,2.007,37.923,1.6646,0.0607,0.0098,0.43,8.16,,,,,,
AB4PC2,A,4,PC2,1,1_23_24,LOD,0.196915,2.29027506,2.007,35.58,1.6646,0.0585,0.0098,0.45,7.94,,,,,,
AB4MC0,A,4,MC0,1,1_23_24,LOD,0.196915,LOD,2.007,49.11,1.6646,0.0755,0.0098,0.72,8.04,,,,,,
AB4MC1,A,4,MC1,1,1_23_24,LOD,0.196915,LOD,2.007,102.65,1.6646,0.06537,0.0098,1.25,7.72,,,,,,
AB4MC2,A,4,MC2,1,1_23_24,LOD,0.196915,LOD,2.007,138.08,1.6646,0.0258,0.0098,1.63,7.42,,,,,,
BB1PC0,B,1,PC0,1,1_23_24,LOD,0.171144,LOD,2.089,58.29,1.6646,0.02686,0.0098,1.11,8.54,,,,,,
BB1PC1,B,1,PC1,1,1_23_24,LOD,0.171144,LOD,2.089,73.74,1.6646,0.015,0.0098,1.39,8.43,,,,,,
BB1PC2,B,1,PC2,1,1_23_24,1.263317704,0.171144,LOD,2.089,76.05,1.6646,0.0539,0.0098,1.31,8.55,,,,,,
BB1MC0,B,1,MC0,1,1_23_24,LOD,0.171144,35.43127749,2.089,53.56,1.6646,0.0457,0.0098,1.13,8.28,,,,,,
BB1MC1,B,1,MC1,1,1_23_24,0.852246929,0.171144,22.46743609,2.089,NA,1.6646,NA,0.0098,1.78,8.42,,,,,,
BB1MC2,B,1,MC2,1,1_23_24,LOD,0.171144,10.48665672,2.089,46.3,1.6646,0.0813,0.0098,1.84,8.21,,,,,,
BB2PC0,B,2,PC0,1,1_23_24,LOD,0.171144,11.37219964,2.089,91.95,1.6646,0.0441,0.0098,2.16,8.21,,,,,,
BB2PC1,B,2,PC1,1,1_23_24,LOD,0.171144,8.221680816,2.089,72.91,1.6646,0.0629,0.0098,1.46,8.34,,,,,,
BB2PC2,B,2,PC2,1,1_23_24,LOD,0.171144,7.040432842,2.089,53.33,1.6646,0.1329,0.0098,3,8.63,,,,,,
BB2MC0,B,2,MC0,1,1_23_24,LOD,0.171144,2.856519035,2.089,104.44,1.6646,0.0983,0.0098,1.98,8.18,,,,,,
BB2MC1,B,2,MC1,1,1_23_24,LOD,0.171144,LOD,2.089,157.24,1.6646,LOD,0.0098,2.85,8.32,,,,,,
BB2MC2,B,2,MC2,1,1_23_24,LOD,0.171144,LOD,2.089,100.06,1.6646,0.0401,0.0098,2.15,8.34,,,,,,
BB3PC0,B,3,PC0,1,1_23_24,LOD,0.171144,61.6405111,2.089,99.15,1.6646,0.0575,0.0098,1.94,8,,,,,,
BB3PC1,B,3,PC1,1,1_23_24,3.445801686,0.171144,NA,NA,NA,1.6646,NA,0.0098,NA,NA,,,,,,
BB3PC2,B,3,PC2,1,1_23_24,0.37126279,0.171144,14.62023805,2.089,40.5,1.6646,0.1956,0.0098,1.55,8.33,,,,,,
BB3MC0,B,3,MC0,1,1_23_24,LOD,0.171144,9.818174387,2.089,73.23,1.6646,0.0629,0.0098,1.65,8.22,,,,,,
BB3MC1,B,3,MC1,1,1_23_24,LOD,0.171144,82.28010225,2.089,69.93,1.6646,0.0978,0.0098,1.65,8.12,,,,,,
BB3MC2,B,3,MC2,1,1_23_24,0.189389113,0.171144,LOD,2.089,107.27,1.6646,0.0496,0.0098,1.93,7.98,,,,,,
BB4PC0,B,4,PC0,1,1_23_24,LOD,0.171144,46.40854748,2.089,39.39,1.6646,0.0287,0.0098,1.05,8.18,,,,,,
BB4PC1,B,4,PC1,1,1_23_24,LOD,0.171144,LOD,2.089,67.96,1.6646,0.0649,0.0098,1.37,8.05,,,,,,
BB4PC2,B,4,PC2,1,1_23_24,LOD,0.171144,29.97960709,2.089,38.34,1.6646,0.1252,0.0098,1.12,8.12,,,,,,
BB4MC0,B,4,MC0,1,1_23_24,LOD,0.171144,2.372065604,2.089,72.98,1.6646,0.0304,0.0098,1.57,7.93,,,,,,
BB4MC1,B,4,MC1,1,1_23_24,LOD,0.171144,110.5707063,2.089,92.29,1.6646,0.0903,0.0098,1.95,8.31,,,,,,
BB4MC2,B,4,MC2,1,1_23_24,LOD,0.235862,LOD,2.089,178.9,1.6646,0.015,0.0098,3.33,7.86,,,,,,
AB1PC0,A,1,PC0,1,2_7_24,LOD,0.235862,LOD,2.445,17.94,0.3661,0.0372,0.0108,0.48,7.31,,,,,,
AB1PC1,A,1,PC1,1,2_7_24,LOD,0.235862,LOD,2.445,14.4,0.3661,0.028,0.0108,0.49,7.39,,,,,,
AB1PC2,A,1,PC2,1,2_7_24,LOD,0.235862,LOD,2.445,24.276,0.3661,0.0239,0.0108,0.54,7.41,,,,,,
AB1MC0,A,1,MC0,1,2_7_24,LOD,0.235862,LOD,2.445,45.11,0.3661,0.0131,0.0108,0.97,7.96,,,,,,
AB1MC1,A,1,MC1,1,2_7_24,LOD,0.235862,8.412263924,2.445,131.81,0.3661,LOD,0.0108,1.85,7.77,,,,,,
AB1MC2,A,1,MC2,1,2_7_24,LOD,0.235862,LOD,2.445,145.37,0.3661,LOD,0.0108,2.22,7.52,,,,,,
AB2PC0,A,2,PC0,1,2_7_24,LOD,0.235862,LOD,2.445,9.68,0.3661,0.0193,0.0108,0.52,7.79,,,,,,
AB2PC1,A,2,PC1,1,2_7_24,LOD,0.235862,LOD,2.445,7.3,0.3661,0.018,0.0108,0.51,7.63,,,,,,
AB2PC2,A,2,PC2,1,2_7_24,LOD,0.235862,LOD,2.445,16.126,0.3661,0.0257,0.0108,0.56,7.49,,,,,,
AB2MC0,A,2,MC0,1,2_7_24,LOD,0.235862,50.97949246,2.445,47.41,0.3661,0.0933,0.0108,1.12,8.09,,,,,,
AB2MC1,A,2,MC1,1,2_7_24,LOD,0.235862,LOD,2.445,72.8,0.3661,0.0712,0.0108,1.24,7.85,,,,,,
AB2MC2,A,2,MC2,1,2_7_24,LOD,0.235862,48.97295074,2.445,38.87,0.3661,0.02571,0.0108,0.96,7.75,,,,,,
AB3PC0,A,3,PC0,1,2_7_24,LOD,0.235862,LOD,2.445,35.62,0.3661,0.0157,0.0108,0.7,7.24,,,,,,
AB3PC1,A,3,PC1,1,2_7_24,LOD,0.235862,51.25216331,2.445,52.72,0.3661,0.015,0.0108,0.83,8.3,,,,,,
AB3PC2,A,3,PC2,1,2_7_24,LOD,0.235862,LOD,2.445,14.12,0.3661,0.0594,0.0108,0.53,7.99,,,,,,
AB3MC0,A,3,MC0,1,2_7_24,LOD,0.235862,LOD,2.445,40.74,0.3661,0.0543,0.0108,0.95,8.04,,,,,,
AB3MC1,A,3,MC1,1,2_7_24,LOD,0.235862,LOD,2.445,43.35,0.3661,0.0113,0.0108,0.78,8.23,,,,,,
AB3MC2,A,3,MC2,1,2_7_24,LOD,0.235862,LOD,2.445,63.68,0.3661,0.0198,0.0108,1.1,7.8,,,,,,
AB4PC0,A,4,PC0,1,2_7_24,LOD,0.235862,LOD,2.445,19.96,0.3661,0.0361,0.0108,0.6,7.68,,,,,,
AB4PC1,A,4,PC1,1,2_7_24,LOD,0.235862,LOD,2.445,29.7,0.3661,0.0357,0.0108,0.62,7.57,,,,,,
AB4PC2,A,4,PC2,1,2_7_24,LOD,0.235862,LOD,2.445,25.03,0.3661,0.0371,0.0108,0.58,7.49,,,,,,
AB4MC0,A,4,MC0,1,2_7_24,LOD,0.235862,LOD,2.445,24.11,0.3661,0.0641,0.0108,0.76,7.9,,,,,,
AB4MC1,A,4,MC1,1,2_7_24,LOD,0.235862,LOD,2.445,46.66,0.3661,0.0224,0.0108,0.84,7.8,,,,,,
AB4MC2,A,4,MC2,1,2_7_24,LOD,0.235862,LOD,2.445,45.8,0.3661,0.0271,0.0108,0.86,7.59,,,,,,
BB1PC0,B,1,PC0,1,2_7_24,LOD,0.247389,LOD,2.445,53.6,0.3661,LOD,0.0108,1.28,7.98,,,,,,
BB1PC1,B,1,PC1,1,2_7_24,LOD,0.247389,LOD,2.445,34.26,0.3661,0.0375,0.0108,1.04,8.07,,,,,,
BB1PC2,B,1,PC2,1,2_7_24,LOD,0.247389,LOD,2.445,22.19,0.3661,0.0327,0.0108,1.03,8.06,,,,,,
BB1MC0,B,1,MC0,1,2_7_24,LOD,0.247389,LOD,2.445,37.24,0.3661,0.0123,0.0108,1.13,8.55,,,,,,
BB1MC1,B,1,MC1,1,2_7_24,LOD,0.247389,LOD,2.445,66.81,0.3661,0.0441,0.0108,1.6,8.13,,,,,,
BB1MC2,B,1,MC2,1,2_7_24,LOD,0.247389,LOD,2.445,46.57,0.3661,0.0172,0.0108,1.78,8.1,,,,,,
BB2PC0,B,2,PC0,1,2_7_24,LOD,0.247389,LOD,2.445,107.18,0.3661,LOD,0.0108,2.41,8.09,,,,,,
BB2PC1,B,2,PC1,1,2_7_24,LOD,0.247389,LOD,2.445,61.64,0.3661,0.0366,0.0108,1.34,8.18,,,,,,
BB2PC2,B,2,PC2,1,2_7_24,LOD,0.247389,LOD,2.445,43.58,0.3661,0.077,0.0108,2.75,8.16,,,,,,
BB2MC0,B,2,MC0,1,2_7_24,LOD,0.247389,LOD,2.445,89.32,0.3661,0.0422,0.0108,1.92,8.11,,,,,,
BB2MC1,B,2,MC1,1,2_7_24,LOD,0.247389,LOD,2.445,74.05,0.3661,0.022,0.0108,1.73,8.06,,,,,,
BB2MC2,B,2,MC2,1,2_7_24,LOD,0.247389,LOD,2.445,59.63,0.3661,0.0257,0.0108,1.7,8.79,,,,,,
BB3PC0,B,3,PC0,1,2_7_24,LOD,0.247389,LOD,2.445,49.61,0.3661,0.0106,0.0108,1.35,8.12,,,,,,
BB3PC1,B,3,PC1,1,2_7_24,LOD,0.247389,LOD,2.445,46.76,0.3661,0.053,0.0108,1.23,8.62,,,,,,
BB3PC2,B,3,PC2,1,2_7_24,0.301893083,0.247389,LOD,2.445,40.96,0.3661,0.15,0.0108,1.5,8.26,,,,,,
BB3MC0,B,3,MC0,1,2_7_24,LOD,0.247389,LOD,2.445,63.01,0.3661,0.0249,0.0108,1.48,8.08,,,,,,
BB3MC1,B,3,MC1,1,2_7_24,LOD,0.247389,LOD,2.445,43.76,0.3661,LOD,0.0108,1.4,7.87,,,,,,
BB3MC2,B,3,MC2,1,2_7_24,LOD,0.247389,LOD,2.445,83.3,0.3661,LOD,0.0108,1.72,7.89,,,,,,
BB4PC0,B,4,PC0,1,2_7_24,LOD,0.247389,LOD,2.445,31.69,0.3661,LOD,0.0108,0.93,8.35,,,,,,
BB4PC1,B,4,PC1,1,2_7_24,LOD,0.247389,LOD,2.445,50.9,0.3661,0.0755,0.0108,1.19,8.17,,,,,,
BB4PC2,B,4,PC2,1,2_7_24,LOD,0.247389,LOD,2.445,21.72,0.3661,0.0398,0.0108,0.85,8.14,,,,,,
BB4MC0,B,4,MC0,1,2_7_24,LOD,0.247389,LOD,2.445,62.34,0.3661,LOD,0.0108,1.42,8.66,,,,,,
BB4MC1,B,4,MC1,1,2_7_24,LOD,0.247389,9.939224359,2.445,62.45,0.3661,0.0176,0.0108,1.59,8,,,,,,
BB4MC2,B,4,MC2,1,2_7_24,LOD,0.247389,LOD,2.445,131.42,0.3661,LOD,0.0108,2.75,7.84,,,,,,
AB1PC0,A,1,PC0,1,2_21_24,LOD,0.2034273,LOD,2.445,21.31,1.2488,0.07944,0.0097,0.55,7.14,,,,,,
AB1PC1,A,1,PC1,1,2_21_24,LOD,0.2034273,LOD,2.445,20.62,1.2488,0.0389,0.0097,0.61,7.38,,,,,,
AB1PC2,A,1,PC2,1,2_21_24,LOD,0.2034273,LOD,2.445,31.19,1.2488,0.0481,0.0097,0.64,7.49,,,,,,
AB1MC0,A,1,MC0,1,2_21_24,LOD,0.2034273,LOD,2.445,45.55,1.2488,LOD,0.0097,0.99,7.79,,,,,,
AB1MC1,A,1,MC1,1,2_21_24,LOD,0.2034273,LOD,2.445,131.74,1.2488,0.0093,0.0097,1.8,7.49,,,,,,
AB1MC2,A,1,MC2,1,2_21_24,LOD,0.2034273,LOD,2.445,172.79,1.2488,LOD,0.0097,2.55,7.22,,,,,,
AB2PC0,A,2,PC0,1,2_21_24,LOD,0.2034273,LOD,2.445,15.4,1.2488,0.0315,0.0097,0.56,7.66,,,,,,
AB2PC1,A,2,PC1,1,2_21_24,LOD,0.2034273,LOD,2.445,12.15,1.2488,0.0305,0.0097,0.53,7.53,,,,,,
AB2PC2,A,2,PC2,1,2_21_24,LOD,0.2034273,LOD,2.445,19.39,1.2488,0.0223,0.0097,0.56,7.34,,,,,,
AB2MC0,A,2,MC0,1,2_21_24,NA,0.2034273,NA,NA,NA,1.2488,NA,0.0097,NA,NA,,,,,,
AB2MC1,A,2,MC1,1,2_21_24,LOD,0.2034273,LOD,2.445,43.143,1.2488,0.0511,0.0097,0.88,7.21,,,,,,
AB2MC2,A,2,MC2,1,2_21_24,LOD,0.2034273,19.7297355,2.445,41.1,1.2488,0.0407,0.0097,0.96,7.2,,,,,,
AB3PC0,A,3,PC0,1,2_21_24,LOD,0.2034273,LOD,2.445,39.44,1.2488,LOD,0.0097,0.7,7.38,,,,,,
AB3PC1,A,3,PC1,1,2_21_24,0.335846847,0.2034273,15.19697207,2.445,42,1.2488,0.0528,0.0097,0.75,7.66,,,,,,
AB3PC2,A,3,PC2,1,2_21_24,LOD,0.2034273,LOD,2.445,19.96,1.2488,0.0358,0.0097,0.55,7.57,,,,,,
AB3MC0,A,3,MC0,1,2_21_24,LOD,0.2034273,LOD,2.445,53.17,1.2488,LOD,0.0097,1.02,7.79,,,,,,
AB3MC1,A,3,MC1,1,2_21_24,LOD,0.2034273,LOD,2.445,39.19,1.2488,0.0468,0.0097,0.7,7.73,,,,,,
AB3MC2,A,3,MC2,1,2_21_24,LOD,0.2034273,LOD,2.445,71.9,1.2488,0.0219,0.0097,1.12,7.75,,,,,,
AB4PC0,A,4,PC0,1,2_21_24,LOD,0.2034273,LOD,2.445,22.77,1.2488,0.0164,0.0097,0.58,7.48,,,,,,
AB4PC1,A,4,PC1,1,2_21_24,LOD,0.2034273,LOD,2.445,44.49,1.2488,0.0319,0.0097,0.72,7.36,,,,,,
AB4PC2,A,4,PC2,1,2_21_24,LOD,0.2034273,LOD,2.445,28.27,1.2488,0.0203,0.0097,0.59,7.37,,,,,,
AB4MC0,A,4,MC0,1,2_21_24,LOD,0.2034273,LOD,2.445,25.79,1.2488,0.0449,0.0097,0.79,7.72,,,,,,
AB4MC1,A,4,MC1,1,2_21_24,LOD,0.2034273,LOD,2.445,37.05,1.2488,0.0331,0.0097,0.7,8.12,,,,,,
AB4MC2,A,4,MC2,1,2_21_24,LOD,0.2034273,LOD,2.445,58.43,1.2488,0.0296,0.0097,0.89,7.54,,,,,,
BB1PC0,B,1,PC0,1,2_21_24,LOD,0.2130841,LOD,2.445,58.68,1.2488,LOD,0.0097,1.22,7.89,,,,,,
BB1PC1,B,1,PC1,1,2_21_24,LOD,0.2130841,LOD,2.445,61.42,1.2488,LOD,0.0097,1.25,8.02,,,,,,
BB1PC2,B,1,PC2,1,2_21_24,LOD,0.2130841,LOD,2.445,45.25,1.2488,LOD,0.0097,1.16,8.05,,,,,,
BB1MC0,B,1,MC0,1,2_21_24,LOD,0.2130841,LOD,2.445,52,1.2488,LOD,0.0097,1.2,7.82,,,,,,
BB1MC1,B,1,MC1,1,2_21_24,LOD,0.2130841,LOD,2.445,72.91,1.2488,0.0154,0.0097,1.48,7.91,,,,,,
BB1MC2,B,1,MC2,1,2_21_24,LOD,0.2130841,LOD,2.445,65.808,1.2488,LOD,0.0097,2.2,7.91,,,,,,
BB2PC0,B,2,PC0,1,2_21_24,LOD,0.2130841,LOD,2.445,121.49,1.2488,LOD,0.0097,2.73,7.85,,,,,,
BB2PC1,B,2,PC1,1,2_21_24,LOD,0.2130841,LOD,2.445,62.91,1.2488,LOD,0.0097,1.4,8.11,,,,,,
BB2PC2,B,2,PC2,1,2_21_24,LOD,0.2130841,LOD,2.445,36.77,1.2488,0.022,0.0097,2.39,8.16,,,,,,
BB2MC0,B,2,MC0,1,2_21_24,LOD,0.2130841,LOD,2.445,93.67,1.2488,0.029,0.0097,1.9,8.24,,,,,,
BB2MC1,B,2,MC1,1,2_21_24,LOD,0.2130841,LOD,2.445,82.35,1.2488,0.0166,0.0097,1.72,7.88,,,,,,
BB2MC2,B,2,MC2,1,2_21_24,LOD,0.2130841,LOD,2.445,81.18,1.2488,0.011,0.0097,1.98,8.03,,,,,,
BB3PC0,B,3,PC0,1,2_21_24,LOD,0.2130841,LOD,2.445,66.72,1.2488,0.0098,0.0097,1.51,7.9,,,,,,
BB3PC1,B,3,PC1,1,2_21_24,LOD,0.2130841,LOD,2.445,48,1.2488,0.0177,0.0097,1.19,7.98,,,,,,
BB3PC2,B,3,PC2,1,2_21_24,LOD,0.2130841,LOD,2.445,56.42,1.2488,0.01467,0.0097,1.63,8,,,,,,
BB3MC0,B,3,MC0,1,2_21_24,LOD,0.2130841,LOD,2.445,74.11,1.2488,0.0115,0.0097,1.64,8.39,,,,,,
BB3MC1,B,3,MC1,1,2_21_24,LOD,0.2130841,LOD,2.445,61.8,1.2488,LOD,0.0097,1.54,7.78,,,,,,
BB3MC2,B,3,MC2,1,2_21_24,LOD,0.2130841,LOD,2.445,114.87,1.2488,0.0116,0.0097,2.18,7.78,,,,,,
BB4PC0,B,4,PC0,1,2_21_24,LOD,0.2130841,2.719845334,2.445,30.99,1.2488,0.1047,0.0097,0.92,8.31,,,,,,
BB4PC1,B,4,PC1,1,2_21_24,LOD,0.2130841,LOD,2.445,51.82,1.2488,0.0119,0.0097,1.19,8.2,,,,,,
BB4PC2,B,4,PC2,1,2_21_24,LOD,0.2130841,LOD,2.445,39.43,1.2488,0.0115,0.0097,1.05,8.11,,,,,,
BB4MC0,B,4,MC0,1,2_21_24,LOD,0.2130841,LOD,2.445,64.93,1.2488,0.0122,0.0097,1.58,8.11,,,,,,
BB4MC1,B,4,MC1,1,2_21_24,LOD,0.2130841,LOD,2.445,62.83,1.2488,0.0098,0.0097,1.65,7.87,,,,,,
BB4MC2,B,4,MC2,1,2_21_24,LOD,0.2130841,LOD,2.445,131.13,1.2488,0.0143,0.0097,2.56,7.58,,,,,,
AB1PC0,A,1,PC0,1,3_6_24,LOD,0.2588568,LOD,2.030977,21.46,1.2488,0.0387,0.0097,0.31,7.23,,,,,,
AB1PC1,A,1,PC1,1,3_6_24,LOD,0.2588568,LOD,2.030977,23.17,1.2488,0.0242,0.0097,0.38,7.57,,,,,,
AB1PC2,A,1,PC2,1,3_6_24,LOD,0.2588568,LOD,2.030977,33.13,1.2488,0.0305,0.0097,0.41,7.5,,,,,,
AB1MC0,A,1,MC0,1,3_6_24,LOD,0.2588568,LOD,2.030977,45.54,1.2488,LOD,0.0097,0.79,7.68,,,,,,
AB1MC1,A,1,MC1,1,3_6_24,LOD,0.2588568,LOD,2.030977,113.9,1.2488,0.0181,0.0097,1.49,7.57,,,,,,
AB1MC2,A,1,MC2,1,3_6_24,LOD,0.2588568,LOD,2.030977,159.02,1.2488,LOD,0.0097,2.34,7.18,,,,,,
AB2PC0,A,2,PC0,1,3_6_24,LOD,0.2588568,LOD,2.030977,17.22,1.2488,0.0431,0.0097,0.36,7.4,,,,,,
AB2PC1,A,2,PC1,1,3_6_24,LOD,0.2588568,LOD,2.030977,13.74,1.2488,0.0378,0.0097,0.32,7.35,,,,,,
AB2PC2,A,2,PC2,1,3_6_24,LOD,0.2588568,LOD,2.030977,19.54,1.2488,0.0344,0.0097,0.34,7.33,,,,,,
AB2MC0,A,2,MC0,1,3_6_24,0.35509012,0.2588568,LOD,2.030977,57.35,1.2488,0.0299,0.0097,1.08,8,,,,,,
AB2MC1,A,2,MC1,1,3_6_24,LOD,0.2588568,LOD,2.030977,30.81,1.2488,0.0417,0.0097,0.53,7.97,,,,,,
AB2MC2,A,2,MC2,1,3_6_24,LOD,0.2588568,5.945569927,2.030977,37.93,1.2488,0.039,0.0097,0.74,7.53,,,,,,
AB3PC0,A,3,PC0,1,3_6_24,LOD,0.2588568,LOD,2.030977,41.05,1.2488,0.0133,0.0097,0.53,7.87,,,,,,
AB3PC1,A,3,PC1,1,3_6_24,LOD,0.2588568,65.81374471,2.030977,46.8,1.2488,0.0263,0.0097,0.63,7.51,,,,,,
AB3PC2,A,3,PC2,1,3_6_24,LOD,0.2588568,LOD,2.030977,18.65,1.2488,0.02779,0.0097,0.32,7.59,,,,,,
AB3MC0,A,3,MC0,1,3_6_24,LOD,0.2588568,LOD,2.030977,60.63,1.2488,0.0134,0.0097,0.97,8.27,,,,,,
AB3MC1,A,3,MC1,1,3_6_24,LOD,0.2588568,LOD,2.030977,36.11,1.2488,0.0291,0.0097,0.49,7.5,,,,,,
AB3MC2,A,3,MC2,1,3_6_24,LOD,0.2588568,LOD,2.030977,96.27,1.2488,LOD,0.0097,1.34,7.56,,,,,,
AB4PC0,A,4,PC0,1,3_6_24,LOD,0.2588568,LOD,2.030977,21.162,1.2488,0.0217,0.0097,0.35,8.02,,,,,,
AB4PC1,A,4,PC1,1,3_6_24,LOD,0.2588568,LOD,2.030977,51.62,1.2488,0.018,0.0097,0.61,8.09,,,,,,
AB4PC2,A,4,PC2,1,3_6_24,LOD,0.2588568,LOD,2.030977,29.05,1.2488,0.0206,0.0097,0.41,7.63,,,,,,
AB4MC0,A,4,MC0,1,3_6_24,0.960384695,0.2588568,LOD,2.030977,31.41,1.2488,0.0734,0.0097,0.73,8.02,,,,,,
AB4MC1,A,4,MC1,1,3_6_24,LOD,0.2588568,LOD,2.030977,43.72,1.2488,LOD,0.0097,0.6,8.36,,,,,,
AB4MC2,A,4,MC2,1,3_6_24,LOD,0.2588568,LOD,2.030977,45.64,1.2488,0.0381,0.0097,0.63,8.27,,,,,,
BB1PC0,B,1,PC0,1,3_6_24,LOD,0.234339,LOD,2.020158,58.42,1.2488,LOD,0.0097,1.09,7.95,,,,,,
BB1PC1,B,1,PC1,1,3_6_24,LOD,0.234339,LOD,2.020158,77.9,1.2488,0.0143,0.0097,1.33,7.89,,,,,,
BB1PC2,B,1,PC2,1,3_6_24,LOD,0.234339,LOD,2.020158,64.24,1.2488,0.0149,0.0097,1.24,7.85,,,,,,
BB1MC0,B,1,MC0,1,3_6_24,LOD,0.234339,LOD,2.020158,52.38,1.2488,0.0117,0.0097,1.08,8.27,,,,,,
BB1MC1,B,1,MC1,1,3_6_24,LOD,0.234339,LOD,2.020158,67.67,1.2488,0.0156,0.0097,1.25,8.12,,,,,,
BB1MC2,B,1,MC2,1,3_6_24,LOD,0.234339,LOD,2.020158,89.35,1.2488,0.00997,0.0097,2.77,7.81,,,,,,
BB2PC0,B,2,PC0,1,3_6_24,LOD,0.234339,LOD,2.020158,134.59,1.2488,0.0153,0.0097,2.82,7.78,,,,,,
BB2PC1,B,2,PC1,1,3_6_24,LOD,0.234339,LOD,2.020158,77.61,1.2488,LOD,0.0097,1.43,7.98,,,,,,
BB2PC2,B,2,PC2,1,3_6_24,LOD,0.234339,LOD,2.020158,39.16,1.2488,0.0143,0.0097,2.68,8..07,,,,,,
BB2MC0,B,2,MC0,1,3_6_24,0.986781803,0.234339,LOD,2.020158,NA,1.2488,NA,0.0097,2.15,8.23,,,,,,
BB2MC1,B,2,MC1,1,3_6_24,LOD,0.234339,LOD,2.020158,103.77,1.2488,LOD,0.0097,1.97,7.89,,,,,,
BB2MC2,B,2,MC2,1,3_6_24,LOD,0.234339,LOD,2.020158,107.69,1.2488,LOD,0.0097,2.31,7.94,,,,,,
BB3PC0,B,3,PC0,1,3_6_24,LOD,0.234339,LOD,2.020158,86.48,1.2488,LOD,0.0097,1.61,7.81,,,,,,
BB3PC1,B,3,PC1,1,3_6_24,LOD,0.234339,LOD,2.020158,68.34,1.2488,0.0175,0.0097,1.28,7.94,,,,,,
BB3PC2,B,3,PC2,1,3_6_24,LOD,0.234339,16.15500171,2.020158,NA,1.2488,NA,0.0097,1.73,8.3,,,,,,
BB3MC0,B,3,MC0,1,3_6_24,LOD,0.234339,LOD,2.020158,88.12,1.2488,0.0106,0.0097,1.82,7.91,,,,,,
BB3MC1,B,3,MC1,1,3_6_24,LOD,0.234339,LOD,2.020158,72.56,1.2488,0.0119,0.0097,1.6,7.6,,,,,,
BB3MC2,B,3,MC2,1,3_6_24,LOD,0.234339,LOD,2.020158,137.8,1.2488,0.011,0.0097,2.59,7.58,,,,,,
BB4PC0,B,4,PC0,1,3_6_24,LOD,0.234339,LOD,2.020158,36.68,1.2488,LOD,0.0097,0.91,7.77,,,,,,
BB4PC1,B,4,PC1,1,3_6_24,LOD,0.234339,LOD,2.020158,59.58,1.2488,0.0146,0.0097,1.21,8.05,,,,,,
BB4PC2,B,4,PC2,1,3_6_24,LOD,0.234339,LOD,2.020158,48.17,1.2488,0.0168,0.0097,1.17,7.98,,,,,,
BB4MC0,B,4,MC0,1,3_6_24,LOD,0.234339,LOD,2.020158,72,1.2488,0.0188,0.0097,1.55,7.9,,,,,,
BB4MC1,B,4,MC1,1,3_6_24,LOD,0.234339,LOD,2.020158,63.5,1.2488,LOD,0.0097,1.64,7.79,,,,,,
BB4MC2,B,4,MC2,1,3_6_24,LOD,0.234339,LOD,2.020158,160.32,1.2488,LOD,0.0097,2.87,7.46,,,,,,
AB1PC0,A,1,PC0,1,3_22_24,LOD,0.2849903,LOD,2.141576,21.8,0.6156,0.0182,0.0055,0.55,7.14,,,,,,
AB1PC1,A,1,PC1,1,3_22_24,LOD,0.2849903,LOD,2.141576,16.81,0.6156,0.0098,0.0055,0.56,7.47,,,,,,
AB1PC2,A,1,PC2,1,3_22_24,LOD,0.2849903,7.614786079,2.141576,37.03,0.6156,0.0431,0.0055,0.69,7.36,,,,,,
AB1MC0,A,1,MC0,1,3_22_24,LOD,0.2849903,LOD,2.141576,54.12,0.6156,LOD,0.0055,1.15,7.87,,,,,,
AB1MC1,A,1,MC1,1,3_22_24,LOD,0.2849903,LOD,2.141576,141.32,0.6156,LOD,0.0055,1.85,7.57,,,,,,
AB1MC2,A,1,MC2,1,3_22_24,LOD,0.2849903,LOD,2.141576,190.03,0.6156,LOD,0.0055,2.8,7.17,,,,,,
AB2PC0,A,2,PC0,1,3_22_24,LOD,0.2849903,LOD,2.141576,12.4,0.6156,LOD,0.0055,0.54,7.47,,,,,,
AB2PC1,A,2,PC1,1,3_22_24,LOD,0.2849903,LOD,2.141576,14.33,0.6156,0.0151,0.0055,0.57,8.02,,,,,,
AB2PC2,A,2,PC2,1,3_22_24,LOD,0.2849903,2.215400606,2.141576,18.08,0.6156,0.2631,0.0055,0.54,7.22,,,,,,
AB2MC0,A,2,MC0,1,3_22_24,0.365615509,0.2849903,6.170905625,2.141576,68.79,0.6156,0.0442,0.0055,1.27,8.31,,,,,,
AB2MC1,A,2,MC1,1,3_22_24,LOD,0.2849903,LOD,2.141576,40.05,0.6156,0.0409,0.0055,0.81,7.93,,,,,,
AB2MC2,A,2,MC2,1,3_22_24,LOD,0.2849903,LOD,2.141576,41.11,0.6156,0.0248,0.0055,0.94,7.42,,,,,,
AB3PC0,A,3,PC0,1,3_22_24,LOD,0.2849903,LOD,2.141576,40.56,0.6156,0.0085,0.0055,0.69,7.78,,,,,,
AB3PC1,A,3,PC1,1,3_22_24,LOD,0.2849903,12.29136451,2.141576,54,0.6156,0.0309,0.0055,0.83,7.53,,,,,,
AB3PC2,A,3,PC2,1,3_22_24,LOD,0.2849903,LOD,2.141576,22.63,0.6156,0.03767,0.0055,0.57,7.57,,,,,,
AB3MC0,A,3,MC0,1,3_22_24,LOD,0.2849903,18.20035421,2.141576,70.58,0.6156,0.3168,0.0055,1.13,7.39,,,,,,
AB3MC1,A,3,MC1,1,3_22_24,LOD,0.2849903,LOD,2.141576,44.04,0.6156,0.0254,0.0055,0.72,8.2,,,,,,
AB3MC2,A,3,MC2,1,3_22_24,LOD,0.2849903,LOD,2.141576,101.396,0.6156,0.0161,0.0055,1.43,7.4,,,,,,
AB4PC0,A,4,PC0,1,3_22_24,LOD,0.2849903,LOD,2.141576,17.38,0.6156,0.0514,0.0055,0.54,7.71,,,,,,
AB4PC1,A,4,PC1,1,3_22_24,LOD,0.2849903,LOD,2.141576,54.41,0.6156,0.0265,0.0055,0.8,7.5,,,,,,
AB4PC2,A,4,PC2,1,3_22_24,LOD,0.2849903,LOD,2.141576,36.87,0.6156,0.0475,0.0055,0.65,7.52,,,,,,
AB4MC0,A,4,MC0,1,3_22_24,LOD,0.2849903,LOD,2.141576,44.78,0.6156,0.0247,0.0055,0.96,8.07,,,,,,
AB4MC1,A,4,MC1,1,3_22_24,LOD,0.2849903,LOD,2.141576,46.23,0.6156,LOD,0.0055,0.78,7.7,,,,,,
AB4MC2,A,4,MC2,1,3_22_24,LOD,0.2849903,LOD,2.141576,57.75,0.6156,0.0108,0.0055,0.9,7.83,,,,,,
BB1PC0,B,1,PC0,1,3_22_24,LOD,0.277845,LOD,2.342084625,66.16,0.6156,0.0257,0.0055,1.08,7.68,,,,,,
BB1PC1,B,1,PC1,1,3_22_24,LOD,0.277845,LOD,2.342084625,96.99,0.6156,0.0466,0.0055,1.4,7.78,,,,,,
BB1PC2,B,1,PC2,1,3_22_24,LOD,0.277845,LOD,2.342084625,83.352,0.6156,LOD,0.0055,1.32,7.85,,,,,,
BB1MC0,B,1,MC0,1,3_22_24,LOD,0.277845,LOD,2.342084625,62.35,0.6156,0.04718,0.0055,1.08,8.04,,,,,,
BB1MC1,B,1,MC1,1,3_22_24,LOD,0.277845,LOD,2.342084625,98.02,0.6156,LOD,0.0055,1.38,8.02,,,,,,
BB1MC2,B,1,MC2,1,3_22_24,LOD,0.277845,LOD,2.342084625,108.31,0.6156,LOD,0.0055,3.02,7.77,,,,,,
BB2PC0,B,2,PC0,1,3_22_24,LOD,0.277845,LOD,2.342084625,136.53,0.6156,0.013,0.0055,2.54,7.85,,,,,,
BB2PC1,B,2,PC1,1,3_22_24,LOD,0.277845,LOD,2.342084625,112.95,0.6156,LOD,0.0055,1.58,8.06,,,,,,
BB2PC2,B,2,PC2,1,3_22_24,LOD,0.277845,LOD,2.342084625,52.06,0.6156,0.0421,0.0055,2.84,8.52,,,,,,
BB2MC0,B,2,MC0,1,3_22_24,NA,0.277845,NA,NA,NA,0.6156,NA,0.0055,NA,NA,,,,,,
BB2MC1,B,2,MC1,1,3_22_24,LOD,0.277845,LOD,2.342084625,119.16,0.6156,LOD,0.0055,2.12,7.74,,,,,,
BB2MC2,B,2,MC2,1,3_22_24,LOD,0.277845,LOD,2.342084625,145.38,0.6156,0.0125,0.0055,2.53,7.87,,,,,,
BB3PC0,B,3,PC0,1,3_22_24,LOD,0.277845,LOD,2.342084625,101.38,0.6156,LOD,0.0055,1.59,7.83,,,,,,
BB3PC1,B,3,PC1,1,3_22_24,LOD,0.277845,LOD,2.342084625,78.78,0.6156,0.021907,0.0055,1.23,8.24,,,,,,
BB3PC2,B,3,PC2,1,3_22_24,LOD,0.277845,LOD,2.342084625,88.21,0.6156,LOD,0.0055,1.74,8.09,,,,,,
BB3MC0,B,3,MC0,1,3_22_24,LOD,0.277845,LOD,2.342084625,113.9,0.6156,0.0109,0.0055,1.81,7.88,,,,,,
BB3MC1,B,3,MC1,1,3_22_24,LOD,0.277845,3.863816465,2.342084625,83.37,0.6156,0.0178,0.0055,1.49,7.5,,,,,,
BB3MC2,B,3,MC2,1,3_22_24,LOD,0.277845,LOD,2.342084625,170.77,0.6156,LOD,0.0055,2.57,7.53,,,,,,
BB4PC0,B,4,PC0,1,3_22_24,LOD,0.277845,LOD,2.342084625,48.76,0.6156,LOD,0.0055,0.94,7.68,,,,,,
BB4PC1,B,4,PC1,1,3_22_24,LOD,0.277845,LOD,2.342084625,70.38,0.6156,LOD,0.0055,1.03,8.23,,,,,,
BB4PC2,B,4,PC2,1,3_22_24,LOD,0.277845,LOD,2.342084625,62.48,0.6156,LOD,0.0055,1.12,7.86,,,,,,
BB4MC0,B,4,MC0,1,3_22_24,LOD,0.277845,LOD,2.342084625,80.32,0.6156,LOD,0.0055,1.41,7.72,,,,,,
BB4MC1,B,4,MC1,1,3_22_24,LOD,0.277845,LOD,2.342084625,75.91,0.6156,LOD,0.0055,1.51,7.66,,,,,,
BB4MC2,B,4,MC2,1,3_22_24,LOD,0.277845,LOD,2.342084625,185.25,0.6156,LOD,0.0055,2.82,7.38,,,,,,
AB1PC0,A,1,PC0,1,4_4_24,LOD,0.2895166,LOD,2.196825252,22.34,0.5767,0.0347,0.0061,0.37,7.11,,,,,,
AB1PC1,A,1,PC1,1,4_4_24,LOD,0.2895166,LOD,2.196825252,16.15,0.5767,0.0224,0.0061,0.38,7.19,,,,,,
AB1PC2,A,1,PC2,1,4_4_24,LOD,0.2895166,LOD,2.196825252,24.11,0.5767,0.1638,0.0061,0.39,7.08,,,,,,
AB1MC0,A,1,MC0,1,4_4_24,LOD,0.2895166,LOD,2.196825252,68.13,0.5767,LOD,0.0061,1.07,8.41,,,,,,
AB1MC1,A,1,MC1,1,4_4_24,LOD,0.2895166,LOD,2.196825252,NA,0.5767,0.0112,0.0061,1.74,7.39,,,,,,
AB1MC2,A,1,MC2,1,4_4_24,0.424591222,0.2895166,LOD,2.196825252,142.48,0.5767,LOD,0.0061,1.92,7.06,,,,,,
AB2PC0,A,2,PC0,1,4_4_24,LOD,0.2895166,LOD,2.196825252,9.672,0.5767,0.0275,0.0061,0.31,7.79,,,,,,
AB2PC1,A,2,PC1,1,4_4_24,LOD,0.2895166,LOD,2.196825252,10.7,0.5767,0.01911,0.0061,0.35,7.41,,,,,,
AB2PC2,A,2,PC2,1,4_4_24,LOD,0.2895166,LOD,2.196825252,18.97,0.5767,0.0667,0.0061,0.35,7.55,,,,,,
AB2MC0,A,2,MC0,1,4_4_24,9.623131247,0.2895166,LOD,2.196825252,NA,0.5767,NA,0.0061,NA,NA,,,,,,
AB2MC1,A,2,MC1,1,4_4_24,0.817372794,0.2895166,NA,NA,34.08,0.5767,0.042,0.0061,0.53,7.47,,,,,,
AB2MC2,A,2,MC2,1,4_4_24,LOD,0.2895166,LOD,2.196825252,32.92,0.5767,0.0364,0.0061,0.63,7.26,,,,,,
AB3PC0,A,3,PC0,1,4_4_24,0.330196692,0.2895166,LOD,2.196825252,42.47,0.5767,0.04107,0.0061,0.51,7.47,,,,,,
AB3PC1,A,3,PC1,1,4_4_24,0.631925091,0.2895166,LOD,2.196825252,46.8,0.5767,0.035,0.0061,0.55,7.42,,,,,,
AB3PC2,A,3,PC2,1,4_4_24,LOD,0.2895166,LOD,2.196825252,22.12,0.5767,0.1159,0.0061,0.37,7.14,,,,,,
AB3MC0,A,3,MC0,1,4_4_24,LOD,0.2895166,LOD,2.196825252,76.18,0.5767,0.051,0.0061,0.98,8.28,,,,,,
AB3MC1,A,3,MC1,1,4_4_24,NA,0.2895166,LOD,2.196825252,NA,0.5767,NA,0.0061,NA,NA,,,,,,
AB3MC2,A,3,MC2,1,4_4_24,LOD,0.2895166,LOD,2.196825252,115.15,0.5767,0.0272,0.0061,1.38,8.17,,,,,,
AB4PC0,A,4,PC0,1,4_4_24,LOD,0.2895166,LOD,2.196825252,20.35,0.5767,0.1191,0.0061,0.36,8.09,,,,,,
AB4PC1,A,4,PC1,1,4_4_24,LOD,0.2895166,LOD,2.196825252,44.31,0.5767,0.0521,0.0061,0.51,7.73,,,,,,
AB4PC2,A,4,PC2,1,4_4_24,NA,0.2895166,NA,NA,NA,0.5767,NA,0.0061,NA,NA,,,,,,
AB4MC0,A,4,MC0,1,4_4_24,LOD,0.2895166,LOD,2.196825252,48.65,0.5767,0.0799,0.0061,0.81,7.86,,,,,,
AB4MC1,A,4,MC1,1,4_4_24,LOD,0.2895166,LOD,2.196825252,51.16,0.5767,0.0162,0.0061,0.61,8.05,,,,,,
AB4MC2,A,4,MC2,1,4_4_24,LOD,0.2895166,LOD,2.196825252,63.25,0.5767,0.0384,0.0061,0.73,8.74,,,,,,
BB1PC0,B,1,PC0,1,4_4_24,LOD,0.221817,LOD,1.881439743,74.42,0.5767,LOD,0.0061,0.96,7.94,,,,,,
BB1PC1,B,1,PC1,1,4_4_24,LOD,0.221817,LOD,1.881439743,92.09,0.5767,0.0744,0.0061,1.2,7.75,,,,,,
BB1PC2,B,1,PC2,1,4_4_24,LOD,0.221817,10.98181973,1.881439743,64.84,0.5767,0.1672,0.0061,0.93,7.99,,,,,,
BB1MC0,B,1,MC0,1,4_4_24,0.796932333,0.221817,LOD,1.881439743,62.99,0.5767,0.143,0.0061,0.97,7.8,,,,,,
BB1MC1,B,1,MC1,1,4_4_24,0.9059387,0.221817,LOD,1.881439743,87.14,0.5767,0.0121,0.0061,1.18,8.4,,,,,,
BB1MC2,B,1,MC2,1,4_4_24,LOD,0.221817,LOD,1.881439743,134.98,0.5767,LOD,0.0061,3.14,7.73,,,,,,
BB2PC0,B,2,PC0,1,4_4_24,LOD,0.221817,LOD,1.881439743,152.63,0.5767,0.0093,0.0061,2.42,7.9,,,,,,
BB2PC1,B,2,PC1,1,4_4_24,LOD,0.221817,LOD,1.881439743,143.8,0.5767,LOD,0.0061,1.67,8.43,,,,,,
BB2PC2,B,2,PC2,1,4_4_24,0.340245465,0.221817,LOD,1.881439743,88.72,0.5767,0.0908,0.0061,3.63,8.37,,,,,,
BB2MC0,B,2,MC0,1,4_4_24,NA,0.221817,NA,NA,NA,0.5767,NA,0.0061,NA,NA,,,,,,
BB2MC1,B,2,MC1,1,4_4_24,LOD,0.221817,LOD,1.881439743,134.23,0.5767,0.011,0.0061,2.02,8.09,,,,,,
BB2MC2,B,2,MC2,1,4_4_24,LOD,0.221817,LOD,1.881439743,149.93,0.5767,LOD,0.0061,2.42,7.91,,,,,,
BB3PC0,B,3,PC0,1,4_4_24,LOD,0.221817,LOD,1.881439743,112.67,0.5767,0.0253,0.0061,1.56,7.75,,,,,,
BB3PC1,B,3,PC1,1,4_4_24,LOD,0.221817,LOD,1.881439743,95.87,0.5767,0.0212,0.0061,1.28,8.04,,,,,,
BB3PC2,B,3,PC2,1,4_4_24,LOD,0.221817,5.873379317,1.881439743,95.24,0.5767,0.0638,0.0061,1.69,7.97,,,,,,
BB3MC0,B,3,MC0,1,4_4_24,LOD,0.221817,LOD,1.881439743,112,0.5767,0.0346,0.0061,1.58,7.87,,,,,,
BB3MC1,B,3,MC1,1,4_4_24,LOD,0.221817,LOD,1.881439743,93.96,0.5767,LOD,0.0061,1.48,7.63,,,,,,
BB3MC2,B,3,MC2,1,4_4_24,LOD,0.221817,LOD,1.881439743,189.89,0.5767,0.0307,0.0061,2.57,7.52,,,,,,
BB4PC0,B,4,PC0,1,4_4_24,LOD,0.221817,LOD,1.881439743,52.33,0.5767,0.0115,0.0061,0.84,7.86,,,,,,
BB4PC1,B,4,PC1,1,4_4_24,6.192035655,0.221817,LOD,1.881439743,NA,0.5767,NA,0.0061,0.97,8.4,,,,,,
BB4PC2,B,4,PC2,1,4_4_24,LOD,0.221817,LOD,1.881439743,74.64,0.5767,LOD,0.0061,1.01,8.63,,,,,,
BB4MC0,B,4,MC0,1,4_4_24,LOD,0.221817,LOD,1.881439743,94.22,0.5767,LOD,0.0061,1.36,7.72,,,,,,
BB4MC1,B,4,MC1,1,4_4_24,LOD,0.221817,LOD,1.881439743,74.99,0.5767,0.0068,0.0061,1.33,7.63,,,,,,
BB4MC2,B,4,MC2,1,4_4_24,LOD,0.221817,LOD,1.881439743,196.14,0.5767,LOD,0.0061,2.75,7.51,,,,,,
AB1PC0,A,1,PC0,1,4_16_24,LOD,0.2628462,LOD,2.139206511,23.53,1.3473,0.1085,0.0051,0.29,7.95,,,,,,
AB1PC1,A,1,PC1,1,4_16_24,LOD,0.2628462,LOD,2.139206511,16.17,1.3473,0.0296,0.0051,0.27,7.27,,,,,,
AB1PC2,A,1,PC2,1,4_16_24,LOD,0.2628462,LOD,2.139206511,38.67,1.3473,0.031,0.0051,0.4,7.1,,,,,,
AB1MC0,A,1,MC0,1,4_16_24,LOD,0.2628462,LOD,2.139206511,57.45,1.3473,LOD,0.0051,0.84,7.64,,,,,,
AB1MC1,A,1,MC1,1,4_16_24,LOD,0.2628462,LOD,2.139206511,137.25,1.3473,LOD,0.0051,1.41,7.17,,,,,,
AB1MC2,A,1,MC2,1,4_16_24,LOD,0.2628462,LOD,2.139206511,67.52,1.3473,0.023,0.0051,0.95,7.03,,,,,,
AB2PC0,A,2,PC0,1,4_16_24,LOD,0.2628462,LOD,2.139206511,8.46,1.3473,0.0378,0.0051,0.21,7,,,,,,
AB2PC1,A,2,PC1,1,4_16_24,LOD,0.2628462,LOD,2.139206511,7.576,1.3473,0.0178,0.0051,0.23,7.87,,,,,,
AB2PC2,A,2,PC2,1,4_16_24,LOD,0.2628462,LOD,2.139206511,17.64,1.3473,0.1138,0.0051,0.26,6.81,,,,,,
AB2MC0,A,2,MC0,1,4_16_24,0.635916354,0.2628462,LOD,2.139206511,43.41,1.3473,0.1428,0.0051,0.72,7.75,,,,,,
AB2MC1,A,2,MC1,1,4_16_24,LOD,0.2628462,LOD,2.139206511,26.99,1.3473,0.0196,0.0051,0.39,7.52,,,,,,
AB2MC2,A,2,MC2,1,4_16_24,LOD,0.2628462,LOD,2.139206511,25.802,1.3473,0.0457,0.0051,0.48,7.17,,,,,,
AB3PC0,A,3,PC0,1,4_16_24,LOD,0.2628462,LOD,2.139206511,36.24,1.3473,0.0058,0.0051,0.38,7.15,,,,,,
AB3PC1,A,3,PC1,1,4_16_24,LOD,0.2628462,27.61605738,2.139206511,42.73,1.3473,0.0123,0.0051,0.45,7.23,,,,,,
AB3PC2,A,3,PC2,1,4_16_24,LOD,0.2628462,LOD,2.139206511,19.42,1.3473,0.0405,0.0051,0.26,7.44,,,,,,
AB3MC0,A,3,MC0,1,4_16_24,LOD,0.2628462,LOD,2.139206511,59.9,1.3473,0.0105,0.0051,0.76,8.48,,,,,,
AB3MC1,A,3,MC1,1,4_16_24,LOD,0.2628462,LOD,2.139206511,28.89,1.3473,0.0199,0.0051,0.32,7.78,,,,,,
AB3MC2,A,3,MC2,1,4_16_24,LOD,0.2628462,3.327002684,2.139206511,71.07,1.3473,0.189,0.0051,0.85,7.25,,,,,,
AB4PC0,A,4,PC0,1,4_16_24,LOD,0.2628462,LOD,2.139206511,17.63,1.3473,0.0284,0.0051,0.26,7.36,,,,,,
AB4PC1,A,4,PC1,1,4_16_24,LOD,0.2628462,LOD,2.139206511,44.68,1.3473,0.0253,0.0051,0.44,7.37,,,,,,
AB4PC2,A,4,PC2,1,4_16_24,LOD,0.2628462,LOD,2.139206511,23.66,1.3473,0.0252,0.0051,0.29,7.64,,,,,,
AB4MC0,A,4,MC0,1,4_16_24,LOD,0.2628462,LOD,2.139206511,39.47,1.3473,0.0402,0.0051,0.64,8.1,,,,,,
AB4MC1,A,4,MC1,1,4_16_24,LOD,0.2628462,LOD,2.139206511,36.32,1.3473,0.00588,0.0051,0.43,7.55,,,,,,
AB4MC2,A,4,MC2,1,4_16_24,LOD,0.2628462,LOD,2.139206511,38.9,1.3473,0.0178,0.0051,0.45,7.36,,,,,,
BB1PC0,B,1,PC0,1,4_16_24,LOD,0.2675716,LOD,1.918658153,84.5,1.3473,0.0436,0.0051,1.18,7.8,,,,,,
BB1PC1,B,1,PC1,1,4_16_24,1.232245383,0.2675716,LOD,1.918658153,69.59,1.3473,0.3068,0.0051,1.05,7.82,,,,,,
BB1PC2,B,1,PC2,1,4_16_24,LOD,0.2675716,LOD,1.918658153,51.87,1.3473,LOD,0.0051,0.89,8.19,,,,,,
BB1MC0,B,1,MC0,1,4_16_24,LOD,0.2675716,LOD,1.918658153,50.76,1.3473,0.0246,0.0051,0.88,7.73,,,,,,
BB1MC1,B,1,MC1,1,4_16_24,LOD,0.2675716,LOD,1.918658153,75.07,1.3473,LOD,0.0051,1.12,7.92,,,,,,
BB1MC2,B,1,MC2,1,4_16_24,LOD,0.2675716,LOD,1.918658153,141.33,1.3473,LOD,0.0051,3.12,7.88,,,,,,
BB2PC0,B,2,PC0,1,4_16_24,0.337929958,0.2675716,LOD,1.918658153,178.72,1.3473,0.0139,0.0051,3.07,7.89,,,,,,
BB2PC1,B,2,PC1,1,4_16_24,NA,0.2675716,NA,NA,NA,1.3473,NA,0.0051,NA,NA,,,,,,
BB2PC2,B,2,PC2,1,4_16_24,LOD,0.2675716,LOD,1.918658153,34.03,1.3473,0.05341,0.0051,1.84,8.09,,,,,,
BB2MC0,B,2,MC0,1,4_16_24,0.52423827,0.2675716,LOD,1.918658153,170.66,1.3473,0.0288,0.0051,2.43,7.84,,,,,,
BB2MC1,B,2,MC1,1,4_16_24,LOD,0.2675716,LOD,1.918658153,104.86,1.3473,0.0561,0.0051,1.56,7.79,,,,,,
BB2MC2,B,2,MC2,1,4_16_24,NA,0.2675716,NA,NA,NA,1.3473,NA,0.0051,NA,NA,,,,,,
BB3PC0,B,3,PC0,1,4_16_24,LOD,0.2675716,LOD,1.918658153,86.41,1.3473,0.0065,0.0051,1.28,7.68,,,,,,
BB3PC1,B,3,PC1,1,4_16_24,NA,0.2675716,NA,NA,NA,1.3473,NA,0.0051,NA,NA,,,,,,
BB3PC2,B,3,PC2,1,4_16_24,LOD,0.2675716,LOD,1.918658153,106.65,1.3473,LOD,0.0051,1.81,7.88,,,,,,
BB3MC0,B,3,MC0,1,4_16_24,NA,0.2675716,NA,NA,NA,1.3473,NA,0.0051,NA,NA,,,,,,
BB3MC1,B,3,MC1,1,4_16_24,LOD,0.2675716,LOD,1.918658153,55.184,1.3473,LOD,0.0051,0.91,8.14,,,,,,
BB3MC2,B,3,MC2,1,4_16_24,LOD,0.2675716,LOD,1.918658153,162.7,1.3473,0.049,0.0051,2.23,7.64,,,,,,
BB4PC0,B,4,PC0,1,4_16_24,LOD,0.2675716,LOD,1.918658153,36.148,1.3473,0.0932,0.0051,0.65,7.47,,,,,,
BB4PC1,B,4,PC1,1,4_16_24,1.45845144,0.2675716,LOD,1.918658153,72.9,1.3473,0.395,0.0051,1.02,7.88,,,,,,
BB4PC2,B,4,PC2,1,4_16_24,LOD,0.2675716,LOD,1.918658153,40.99,1.3473,0.177,0.0051,0.74,7.85,,,,,,
BB4MC0,B,4,MC0,1,4_16_24,LOD,0.2675716,LOD,1.918658153,77.79,1.3473,LOD,0.0051,1.24,7.86,,,,,,
BB4MC1,B,4,MC1,1,4_16_24,LOD,0.2675716,LOD,1.918658153,50.95,1.3473,LOD,0.0051,1.03,7.77,,,,,,
BB4MC2,B,4,MC2,1,4_16_24,LOD,0.2675716,LOD,1.918658153,134.49,1.3473,LOD,0.0051,1.87,7.73,,,,,,
AB1PC0,A,1,PC0,2,2_8_25,NA,0.3424788,NA,NA,NA,2.16,NA,0.0223,NA,NA,,,,,,
AB1PC1,A,1,PC1,2,2_8_25,LOD,0.3424788,LOD,2.177811637,3.810,2.157,0.0311,0.0223,0.17,6.96,,,,,,
AB1PC2,A,1,PC2,2,2_8_25,LOD,0.3424788,7.167421021,2.177811637,9.063,2.157,1.951,0.022,0.19,7.2,,,,,,
AB1MC0,A,1,MC0,2,2_8_25,0.381711401,0.3424788,9.522428551,2.177811637,13.12,2.16,0.6859,0.0223,0.32,7.4,,,,,,
AB1MC1,A,1,MC1,2,2_8_25,LOD,0.3424788,LOD,2.177811637,19.74,2.16,0.0239,0.0223,0.35,7.34,,,,,,
AB1MC2,A,1,MC2,2,2_8_25,LOD,0.3424788,4.518379609,2.177811637,82.10,2.16,0.0231,0.0223,1.25,6.95,,,,,,
AB2PC0,A,2,PC0,2,2_8_25,LOD,0.3424788,56.34358158,2.177811637,5.265,2.157,0.0353,0.0223,0.21,7.32,,,,,,
AB2PC1,A,2,PC1,2,2_8_25,LOD,0.3424788,22.68147637,2.177811637,7.520,2.157,0.0544,0.0223,0.29,7.26,,,,,,
AB2PC2,A,2,PC2,2,2_8_25,LOD,0.3424788,68.21845185,2.177811637,12.96,2.16,0.9520,0.0223,0.26,6.98,,,,,,
AB2MC0,A,2,MC0,2,2_8_25,2.17652893,0.3424788,178.7224678,2.177811637,37.76,2.16,0.4820,0.0223,0.87,7.49,,,,,,
AB2MC1,A,2,MC1,2,2_8_25,0.383188946,0.3424788,50.84583026,2.177811637,NA,2.16,NA,0.0223,NA,NA,,,,,,
AB2MC2,A,2,MC2,2,2_8_25,LOD,0.3424788,165.6751234,2.177811637,71.04,2.16,0.0320,0.0223,1.08,7.2,,,,,,
AB3PC0,A,3,PC0,2,2_8_25,0.457988396,0.3424788,3.901592776,2.177811637,NA,2.16,NA,0.0223,0.22,7.49,,,,,,
AB3PC1,A,3,PC1,2,2_8_25,LOD,0.3424788,65.80463999,2.177811637,17.57,2.16,0.2193,0.0223,0.29,7.04,,,,,,
AB3PC2,A,3,PC2,2,2_8_25,LOD,0.3424788,3.861931909,2.177811637,5.490,2.157,0.2531,0.0223,0.15,7.29,,,,,,
AB3MC0,A,3,MC0,2,2_8_25,LOD,0.3424788,LOD,2.177811637,26.39,2.16,0.0331,0.0223,0.5,7.84,,,,,,
AB3MC1,A,3,MC1,2,2_8_25,LOD,0.3424788,LOD,2.177811637,31.57,2.16,0.1678,0.0223,0.43,7.89,,,,,,
AB3MC2,A,3,MC2,2,2_8_25,LOD,0.3424788,LOD,2.177811637,36.95,2.16,0.0331,0.0223,0.6,7.51,,,,,,
AB4PC0,A,4,PC0,2,2_8_25,LOD,0.3424788,18.3913149,2.177811637,6.670,2.157,0.4293,0.0223,0.2,7.65,,,,,,
AB4PC1,A,4,PC1,2,2_8_25,LOD,0.3424788,LOD,2.177811637,13.03,2.16,1.010,0.022,0.24,7.4,,,,,,
AB4PC2,A,4,PC2,2,2_8_25,NA,0.3424788,NA,NA,NA,2.16,NA,0.0223,NA,NA,,,,,,
AB4MC0,A,4,MC0,2,2_8_25,LOD,0.3424788,LOD,2.177811637,22.06,2.16,0.0434,0.0223,0.46,7.66,,,,,,
AB4MC1,A,4,MC1,2,2_8_25,LOD,0.3424788,LOD,2.177811637,119.3,2.2,0.0388,0.0223,1.57,7.35,,,,,,
AB4MC2,A,4,MC2,2,2_8_25,LOD,0.3424788,LOD,2.177811637,17.31,2.16,0.1191,0.0223,0.32,7.85,,,,,,
BB1PC0,B,1,PC0,2,2_8_25,LOD,0.33867732,34.20350435,2.199723283,20.97,2.16,0.5818,0.0223,0.72,8.33,,,,,,
BB1PC1,B,1,PC1,2,2_8_25,LOD,0.33867732,LOD,2.199723283,31.17,2.16,0.4780,0.0223,0.69,8.34,,,,,,
BB1PC2,B,1,PC2,2,2_8_25,0.599645602,0.33867732,5.27329536,2.199723283,NA,2.16,NA,0.0223,0.58,8.21,,,,,,
BB1MC0,B,1,MC0,2,2_8_25,LOD,0.33867732,LOD,2.199723283,17.15,2.16,0.0454,0.0223,0.48,8.12,,,,,,
BB1MC1,B,1,MC1,2,2_8_25,1.225190626,0.33867732,LOD,2.199723283,71.86,2.16,2.560,0.022,1.5,7.61,,,,,,
BB1MC2,B,1,MC2,2,2_8_25,NA,0.33867732,NA,NA,NA,2.16,NA,0.02,NA,NA,,,,,,
BB2PC0,B,2,PC0,2,2_8_25,LOD,0.33867732,LOD,2.199723283,NA,2.16,NA,0.0223,NA,8.2,,,,,,
BB2PC1,B,2,PC1,2,2_8_25,LOD,0.33867732,10.61924398,2.199723283,20.09,2.16,0.2391,0.0223,0.64,8.28,,,,,,
BB2PC2,B,2,PC2,2,2_8_25,LOD,0.33867732,LOD,2.199723283,36.05,2.16,0.1601,0.0223,2.72,8.51,,,,,,
BB2MC0,B,2,MC0,2,2_8_25,1.799945948,0.33867732,LOD,2.199723283,23.57,2.16,1.215,0.022,0.7,8.34,,,,,,
BB2MC1,B,2,MC1,2,2_8_25,LOD,0.33867732,LOD,2.199723283,30.17,2.16,0.0675,0.0223,0.76,8.24,,,,,,
BB2MC2,B,2,MC2,2,2_8_25,LOD,0.33867732,10.55223105,2.199723283,48.38,2.16,0.1370,0.0223,1.48,8,,,,,,
BB3PC0,B,3,PC0,2,2_8_25,1.939386919,0.33867732,6.512340741,2.199723283,NA,2.16,NA,0.0223,NA,NA,,,,,,
BB3PC1,B,3,PC1,2,2_8_25,2.963677659,0.33867732,2.380821307,2.199723283,19.72,2.16,7.650,0.022,0.55,7.91,,,,,,
BB3PC2,B,3,PC2,2,2_8_25,LOD,0.33867732,4.920454701,2.199723283,21.12,2.16,1.009,0.022,0.71,7.87,,,,,,
BB3MC0,B,3,MC0,2,2_8_25,LOD,0.33867732,131.9454418,2.199723283,48.41,2.16,0.2657,0.0223,1.82,8.1,,,,,,
BB3MC1,B,3,MC1,2,2_8_25,LOD,0.33867732,45.62296487,2.199723283,103.6,2.2,0.1365,0.0223,2.05,7.67,,,,,,
BB3MC2,B,3,MC2,2,2_8_25,LOD,0.33867732,8.370909015,2.199723283,52.82,2.16,0.0676,0.0223,1.06,7.89,,,,,,
BB4PC0,B,4,PC0,2,2_8_25,LOD,0.33867732,LOD,2.199723283,NA,2.16,NA,0.0223,NA,NA,,,,,,
BB4PC1,B,4,PC1,2,2_8_25,NA,0.33867732,NA,NA,NA,2.16,NA,0.0223,NA,NA,,,,,,
BB4PC2,B,4,PC2,2,2_8_25,LOD,0.33867732,LOD,2.199723283,12.55,2.16,0.1948,0.0223,0.42,8.03,,,,,,
BB4MC0,B,4,MC0,2,2_8_25,LOD,0.33867732,LOD,2.199723283,20.19,2.16,0.0262,0.0223,0.58,8.23,,,,,,
BB4MC1,B,4,MC1,2,2_8_25,NA,0.33867732,NA,NA,NA,2.16,NA,0.0223,NA,NA,,,,,,
BB4MC2,B,4,MC2,2,2_8_25,1.762638542,0.33867732,LOD,2.199723283,NA,2.16,NA,0.0223,NA,NA,,,,,,
AB1PC0,A,1,PC0,2,2_15_25,0.828845892,0.33978051,35.34806328,2.503023106,11.29,2.1565,1.611,0.0223,0.23,NA,,,,,,
AB1PC1,A,1,PC1,2,2_15_25,LOD,0.33978051,LOD,2.503023106,5.713,2.1565,0.0291,0.0223,0.18,6.36,,,,,,
AB1PC2,A,1,PC2,2,2_15_25,LOD,0.33978051,12.98377004,2.503023106,15.33,2.1565,1.271,0.0223,0.24,6.48,,,,,,
AB1MC0,A,1,MC0,2,2_15_25,LOD,0.33978051,4.529294961,2.503023106,30.6,2.1565,0.1271,0.0223,0.53,7.46,,,,,,
AB1MC1,A,1,MC1,2,2_15_25,LOD,0.33978051,LOD,2.503023106,77.98,2.1565,LOD,0.0223,1.04,6.95,,,,,,
AB1MC2,A,1,MC2,2,2_15_25,LOD,0.33978051,LOD,2.503023106,109.97,2.1565,LOD,0.0223,1.68,6.5,,,,,,
AB2PC0,A,2,PC0,2,2_15_25,LOD,0.33978051,32.0767903,2.503023106,4.846,2.1565,0.0231,0.0223,0.21,7.15,,,,,,
AB2PC1,A,2,PC1,2,2_15_25,LOD,0.33978051,4.148014894,2.503023106,5.45,2.1565,LOD,0.0223,0.25,6.67,,,,,,
AB2PC2,A,2,PC2,2,2_15_25,LOD,0.33978051,74.65998628,2.503023106,17.6,2.1565,0.472,0.0223,0.34,6.41,,,,,,
AB2MC0,A,2,MC0,2,2_15_25,LOD,0.33978051,22.47709375,2.503023106,56.87,2.1565,0.1268,0.0223,1.21,7.07,,,,,,
AB2MC1,A,2,MC1,2,2_15_25,LOD,0.33978051,73.92229143,2.503023106,76.04,2.1565,0.0612,0.0223,1.1,6.94,,,,,,
AB2MC2,A,2,MC2,2,2_15_25,LOD,0.33978051,25.46378857,2.503023106,140.56,2.1565,LOD,0.0223,1.97,6.52,,,,,,
AB3PC0,A,3,PC0,2,2_15_25,LOD,0.33978051,12.92022267,2.503023106,19.435,2.1565,0.0633,0.0223,0.31,6.85,,,,,,
AB3PC1,A,3,PC1,2,2_15_25,0.487354053,0.33978051,74.44033387,2.503023106,20.83,2.1565,0.148,0.0223,0.35,6.77,,,,,,
AB3PC2,A,3,PC2,2,2_15_25,LOD,0.33978051,3.938035056,2.503023106,7.243,2.1565,0.2666,0.0223,0.19,6.83,,,,,,
AB3MC0,A,3,MC0,2,2_15_25,LOD,0.33978051,LOD,2.503023106,13.985,2.1565,LOD,0.0223,0.34,7.2,,,,,,
AB3MC1,A,3,MC1,2,2_15_25,LOD,0.33978051,LOD,2.503023106,63.25,2.1565,LOD,0.0223,0.88,6.19,,,,,,
AB3MC2,A,3,MC2,2,2_15_25,LOD,0.33978051,LOD,2.503023106,31.38,2.1565,LOD,0.0223,0.55,6.39,,,,,,
AB4PC0,A,4,PC0,2,2_15_25,LOD,0.33978051,6.662254049,2.503023106,15.56,2.1565,0.0526,0.0223,0.33,6.52,,,,,,
AB4PC1,A,4,PC1,2,2_15_25,LOD,0.33978051,LOD,2.503023106,19.61,2.1565,0.5091,0.0223,0.3,6.78,,,,,,
AB4PC2,A,4,PC2,2,2_15_25,LOD,0.33978051,LOD,2.503023106,34.85,2.1565,0.2634,0.0223,0.67,NA,,,,,,
AB4MC0,A,4,MC0,2,2_15_25,LOD,0.33978051,LOD,2.503023106,22.53,2.1565,0.027,0.0223,0.53,7.34,,,,,,
AB4MC1,A,4,MC1,2,2_15_25,LOD,0.33978051,LOD,2.503023106,89.08,2.1565,LOD,0.0223,1.31,6.96,,,,,,
AB4MC2,A,4,MC2,2,2_15_25,LOD,0.33978051,LOD,2.503023106,63.99,2.1565,LOD,0.0223,0.94,6.71,,,,,,
BB1PC0,B,1,PC0,2,2_15_25,LOD,0.34787341,27.28315711,2.708870839,26.76,2.1565,0.5433,0.0223,0.81,7.48,,,,,,
BB1PC1,B,1,PC1,2,2_15_25,LOD,0.34787341,LOD,2.708870839,40.83,2.1565,0.3473,0.0223,0.88,7.85,,,,,,
BB1PC2,B,1,PC2,2,2_15_25,LOD,0.34787341,LOD,2.708870839,22.22,2.1565,0.1173,0.0223,0.56,7.94,,,,,,
BB1MC0,B,1,MC0,2,2_15_25,LOD,0.34787341,LOD,2.708870839,23.22,2.1565,LOD,0.0223,0.59,7.71,,,,,,
BB1MC1,B,1,MC1,2,2_15_25,LOD,0.34787341,LOD,2.708870839,64.02,2.1565,0.4435,0.0223,1.44,7.79,,,,,,
BB1MC2,B,1,MC2,2,2_15_25,LOD,0.34787341,7.786754445,2.708870839,115.39,2.1565,0.18,0.0223,4.01,7.66,,,,,,
BB2PC0,B,2,PC0,2,2_15_25,LOD,0.34787341,LOD,2.708870839,31.02,2.1565,0.0674,0.0223,0.89,8.14,,,,,,
BB2PC1,B,2,PC1,2,2_15_25,LOD,0.34787341,8.216385463,2.708870839,26.87,2.1565,0.1919,0.0223,0.81,8.21,,,,,,
BB2PC2,B,2,PC2,2,2_15_25,LOD,0.34787341,LOD,2.708870839,71.31,2.1565,0.1057,0.0223,4.79,8.13,,,,,,
BB2MC0,B,2,MC0,2,2_15_25,0.948525056,0.34787341,LOD,2.708870839,NA,2.1565,NA,0.0223,NA,NA,,,,,,
BB2MC1,B,2,MC1,2,2_15_25,LOD,0.34787341,LOD,2.708870839,43.74,2.1565,0.0248,0.0223,1.05,7.97,,,,,,
BB2MC2,B,2,MC2,2,2_15_25,LOD,0.34787341,LOD,2.708870839,96.59,2.1565,0.098,0.0223,2.68,7.84,,,,,,
BB3PC0,B,3,PC0,2,2_15_25,LOD,0.34787341,LOD,2.708870839,32.66,2.1565,0.0469,0.0223,0.8,7.91,,,,,,
BB3PC1,B,3,PC1,2,2_15_25,0.51173316,0.34787341,LOD,2.708870839,21.64,2.1565,0.4915,0.0223,0.62,7.86,,,,,,
BB3PC2,B,3,PC2,2,2_15_25,LOD,0.34787341,LOD,2.708870839,28.57,2.1565,0.3286,0.0223,0.98,7.98,,,,,,
BB3MC0,B,3,MC0,2,2_15_25,LOD,0.34787341,70.58471102,2.708870839,30.22,2.1565,0.15691,0.0223,1.37,7.94,,,,,,
BB3MC1,B,3,MC1,2,2_15_25,LOD,0.34787341,14.85701583,2.708870839,80.99,2.1565,0.0237,0.0223,1.7,7.71,,,,,,
BB3MC2,B,3,MC2,2,2_15_25,LOD,0.34787341,8.176323353,2.708870839,141.91,2.1565,LOD,0.0223,2.54,7.48,,,,,,
BB4PC0,B,4,PC0,2,2_15_25,LOD,0.34787341,LOD,2.708870839,18.25,2.1565,0.0905,0.0223,0.63,8.22,,,,,,
BB4PC1,B,4,PC1,2,2_15_25,0.448199826,0.34787341,LOD,2.708870839,NA,2.1565,NA,0.0223,NA,NA,,,,,,
BB4PC2,B,4,PC2,2,2_15_25,LOD,0.34787341,8.641872267,2.708870839,17.5,2.1565,0.0506,0.0223,0.55,7.96,,,,,,
BB4MC0,B,4,MC0,2,2_15_25,LOD,0.34787341,LOD,2.708870839,25.12,2.1565,LOD,0.0223,0.69,7.83,,,,,,
BB4MC1,B,4,MC1,2,2_15_25,LOD,0.34787341,47.26445055,2.708870839,36.02,2.1565,LOD,0.0223,1.14,7.63,,,,,,
BB4MC2,B,4,MC2,2,2_15_25,LOD,0.34787341,LOD,2.708870839,147.91,2.1565,0.0776,0.0223,3.06,7.44,,,,,,
AB1PC0,A,1,PC0,2,3_4_25,NA,0.05657841,NA,4.044891768,NA,1.2724,NA,0.0278,NA,NA,,,,,,
AB1PC1,A,1,PC1,2,3_4_25,0.72097424,0.05657841,LOD,4.044891768,5.69,1.2724,LOD,0.0278,0.22,6.41,,,,,,
AB1PC2,A,1,PC2,2,3_4_25,LOD,0.05657841,LOD,4.044891768,16.79,1.2724,1.198,0.0278,0.27,7.08,,,,,,
AB1MC0,A,1,MC0,2,3_4_25,NA,0.05657841,NA,4.044891768,NA,1.2724,NA,0.0278,NA,NA,,,,,,
AB1MC1,A,1,MC1,2,3_4_25,LOD,0.05657841,LOD,4.044891768,77.75,1.2724,LOD,0.0278,1.07,6.75,,,,,,
AB1MC2,A,1,MC2,2,3_4_25,LOD,0.05657841,LOD,4.044891768,129.08,1.2724,LOD,0.0278,2.09,6.61,,,,,,
AB2PC0,A,2,PC0,2,3_4_25,LOD,0.05657841,28.05363137,4.044891768,4.2,1.2724,LOD,0.0278,0.24,7.23,,,,,,
AB2PC1,A,2,PC1,2,3_4_25,0.080140728,0.05657841,LOD,4.044891768,3.315,1.2724,LOD,0.0278,0.26,7.09,,,,,,
AB2PC2,A,2,PC2,2,3_4_25,0.100090586,0.05657841,127.50492,4.044891768,NA,1.2724,NA,0.0278,0.4,NA,,,,,,
AB2MC0,A,2,MC0,2,3_4_25,NA,0.05657841,NA,4.044891768,NA,1.2724,NA,0.0278,NA,NA,,,,,,
AB2MC1,A,2,MC1,2,3_4_25,LOD,0.05657841,52.85425567,4.044891768,54.19,1.2724,LOD,0.0278,0.85,6.72,,,,,,
AB2MC2,A,2,MC2,2,3_4_25,LOD,0.05657841,215.2959889,4.044891768,118.15,1.2724,LOD,0.0278,1.8,6.45,,,,,,
AB3PC0,A,3,PC0,2,3_4_25,2.801078634,0.05657841,LOD,4.044891768,NA,1.2724,NA,0.0278,NA,NA,,,,,,
AB3PC1,A,3,PC1,2,3_4_25,3.310686343,0.05657841,123.0925709,4.044891768,12.83,1.2724,NA,0.0278,0.61,6.86,,,,,,
AB3PC2,A,3,PC2,2,3_4_25,LOD,0.05657841,LOD,4.044891768,10.26,1.2724,LOD,0.0278,0.24,6.96,,,,,,
AB3MC0,A,3,MC0,2,3_4_25,LOD,0.05657841,LOD,4.044891768,41.94,1.2724,LOD,0.0278,0.74,7.33,,,,,,
AB3MC1,A,3,MC1,2,3_4_25,0.245059489,0.05657841,LOD,4.044891768,66.25,1.2724,NA,0.0278,1.19,7.5,,,,,,
AB3MC2,A,3,MC2,2,3_4_25,0.393575042,0.05657841,LOD,4.044891768,15.9,1.2724,NA,0.0278,0.73,7.63,,,,,,
AB4PC0,A,4,PC0,2,3_4_25,LOD,0.05657841,14.03776681,4.044891768,17.85,1.2724,LOD,0.0278,0.38,7.73,,,,,,
AB4PC1,A,4,PC1,2,3_4_25,LOD,0.05657841,LOD,4.044891768,31.88,1.2724,0.0594,0.0278,0.42,7.67,,,,,,
AB4PC2,A,4,PC2,2,3_4_25,LOD,0.05657841,LOD,4.044891768,22.67,1.2724,NA,0.0278,NA,NA,,,,,,
AB4MC0,A,4,MC0,2,3_4_25,LOD,0.05657841,LOD,4.044891768,31.46,1.2724,LOD,0.0278,0.65,7.39,,,,,,
AB4MC1,A,4,MC1,2,3_4_25,0.072604123,0.05657841,LOD,4.044891768,101.75,1.2724,LOD,0.0278,1.39,7.49,,,,,,
AB4MC2,A,4,MC2,2,3_4_25,LOD,0.05657841,LOD,4.044891768,59.23,1.2724,LOD,0.0278,0.85,7.56,,,,,,
BB1PC0,B,1,PC0,2,3_4_25,LOD,0.07777132,18.27709346,2.910879252,41.28,1.2724,0.458,0.0278,1.06,7.54,,,,,,
BB1PC1,B,1,PC1,2,3_4_25,LOD,0.07777132,LOD,2.910879252,58.57,1.2724,0.2126,0.0278,1.09,7.78,,,,,,
BB1PC2,B,1,PC2,2,3_4_25,LOD,0.07777132,LOD,2.910879252,40.15,1.2724,LOD,0.0278,0.81,7.96,,,,,,
BB1MC0,B,1,MC0,2,3_4_25,0.100312238,0.07777132,LOD,2.910879252,34.94,1.2724,LOD,0.0278,0.75,8.31,,,,,,
BB1MC1,B,1,MC1,2,3_4_25,LOD,0.07777132,LOD,2.910879252,91.17,1.2724,LOD,0.0278,1.79,7.77,,,,,,
BB1MC2,B,1,MC2,2,3_4_25,0.26789099,0.07777132,LOD,2.910879252,135.36,1.2724,LOD,0.0278,4.48,8.11,,,,,,
BB2PC0,B,2,PC0,2,3_4_25,LOD,0.07777132,LOD,2.910879252,43.943,1.2724,LOD,0.0278,1.26,8.25,,,,,,
BB2PC1,B,2,PC1,2,3_4_25,LOD,0.07777132,LOD,2.910879252,29.48,1.2724,NA,0.0278,1.02,8.61,,,,,,
BB2PC2,B,2,PC2,2,3_4_25,0.147305221,0.07777132,LOD,2.910879252,102.6,1.2724,0.0278,0.0278,5.71,8.19,,,,,,
BB2MC0,B,2,MC0,2,3_4_25,0.938427587,0.07777132,LOD,2.910879252,5.613,1.2724,LOD,0.0278,1.32,8.69,,,,,,
BB2MC1,B,2,MC1,2,3_4_25,LOD,0.07777132,LOD,2.910879252,76.26,1.2724,LOD,0.0278,1.67,8.35,,,,,,
BB2MC2,B,2,MC2,2,3_4_25,LOD,0.07777132,LOD,2.910879252,125.15,1.2724,LOD,0.0278,3.39,8.04,,,,,,
BB3PC0,B,3,PC0,2,3_4_25,LOD,0.07777132,LOD,2.910879252,47.32,1.2724,LOD,0.0278,0.96,8.21,,,,,,
BB3PC1,B,3,PC1,2,3_4_25,0.185653271,0.07777132,LOD,2.910879252,48.61,1.2724,0.2928,0.0278,0.96,8.16,,,,,,
BB3PC2,B,3,PC2,2,3_4_25,0.203608142,0.07777132,LOD,2.910879252,46.59,1.2724,0.333,0.0278,1.32,8.32,,,,,,
BB3MC0,B,3,MC0,2,3_4_25,0.110952173,0.07777132,43.6074328,2.910879252,50.22,1.2724,LOD,0.0278,1.6,8.03,,,,,,
BB3MC1,B,3,MC1,2,3_4_25,LOD,0.07777132,3.520265993,2.910879252,86.68,1.2724,LOD,0.0278,1.63,7.93,,,,,,
BB3MC2,B,3,MC2,2,3_4_25,LOD,0.07777132,LOD,2.910879252,157.47,1.2724,LOD,0.0278,2.8,7.81,,,,,,
BB4PC0,B,4,PC0,2,3_4_25,0.07792409,0.07777132,LOD,2.910879252,NA,1.2724,NA,0.0278,0.61,8.25,,,,,,
BB4PC1,B,4,PC1,2,3_4_25,NA,0.07777132,NA,2.910879252,LOD,1.2724,LOD,0.0278,NA,NA,,,,,,
BB4PC2,B,4,PC2,2,3_4_25,LOD,0.07777132,LOD,2.910879252,35,1.2724,LOD,0.0278,0.79,8.21,,,,,,
BB4MC0,B,4,MC0,2,3_4_25,LOD,0.07777132,LOD,2.910879252,40.13,1.2724,LOD,0.0278,0.87,8.45,,,,,,
BB4MC1,B,4,MC1,2,3_4_25,0.199174833,0.07777132,LOD,2.910879252,50.08,1.2724,0.0766,0.0278,1.28,8,,,,,,
BB4MC2,B,4,MC2,2,3_4_25,0.344143736,0.07777132,LOD,2.910879252,158.18,1.2724,LOD,0.0278,3.22,7.79,,,,,,
AB1PC0,A,1,PC0,2,3_16_25,0.472507896,0.256468711,5.461923002,2.112158755,NA,1.2724,NA,0.0278,0.39,6.16,,,,,,
AB1PC1,A,1,PC1,2,3_16_25,LOD,0.256468711,LOD,2.112158755,5.687,1.2724,LOD,0.0278,0.25,6.34,,,,,,
AB1PC2,A,1,PC2,2,3_16_25,LOD,0.256468711,LOD,2.112158755,16.02,1.2724,0.782,0.0278,0.29,6.51,,,,,,
AB1MC0,A,1,MC0,2,3_16_25,LOD,0.256468711,LOD,2.112158755,40.13,1.2724,LOD,0.0278,0.76,7.5,,,,,,
AB1MC1,A,1,MC1,2,3_16_25,LOD,0.256468711,LOD,2.112158755,66.03,1.2724,LOD,0.0278,0.95,7.43,,,,,,
AB1MC2,A,1,MC2,2,3_16_25,LOD,0.256468711,LOD,2.112158755,51.13,1.2724,LOD,0.0278,0.93,7.27,,,,,,
AB2PC0,A,2,PC0,2,3_16_25,LOD,0.256468711,4.051404535,2.112158755,2.06,1.2724,LOD,0.0278,0.2,7.44,,,,,,
AB2PC1,A,2,PC1,2,3_16_25,LOD,0.256468711,LOD,2.112158755,2.565,1.2724,LOD,0.0278,0.26,7.05,,,,,,
AB2PC2,A,2,PC2,2,3_16_25,0.772185741,0.256468711,195.6521995,2.112158755,33.86,1.2724,0.576,0.0278,0.57,6.69,,,,,,
AB2MC0,A,2,MC0,2,3_16_25,LOD,0.256468711,8.304541082,2.112158755,51.33,1.2724,LOD,0.0278,0.94,7.08,,,,,,
AB2MC1,A,2,MC1,2,3_16_25,LOD,0.256468711,8.531148863,2.112158755,36.89,1.2724,LOD,0.0278,0.63,7.32,,,,,,
AB2MC2,A,2,MC2,2,3_16_25,LOD,0.256468711,90.75878633,2.112158755,90.27,1.2724,LOD,0.0278,1.43,6.95,,,,,,
AB3PC0,A,3,PC0,2,3_16_25,LOD,0.256468711,LOD,2.112158755,17.06,1.2724,LOD,0.0278,0.29,7.26,,,,,,
AB3PC1,A,3,PC1,2,3_16_25,4.12020767,0.256468711,14.6696015,2.112158755,NA,1.2724,0.9445,0.0278,0.55,7.34,,,,,,
AB3PC2,A,3,PC2,2,3_16_25,LOD,0.256468711,LOD,2.112158755,6.971,1.2724,LOD,0.0278,0.22,7.3,,,,,,
AB3MC0,A,3,MC0,2,3_16_25,LOD,0.256468711,LOD,2.112158755,34.89,1.2724,LOD,0.0278,0.64,7.21,,,,,,
AB3MC1,A,3,MC1,2,3_16_25,LOD,0.256468711,LOD,2.112158755,63.13,1.2724,LOD,0.0278,0.88,7.14,,,,,,
AB3MC2,A,3,MC2,2,3_16_25,LOD,0.256468711,LOD,2.112158755,78.16,1.2724,LOD,0.0278,1.18,6.89,,,,,,
AB4PC0,A,4,PC0,2,3_16_25,LOD,0.256468711,LOD,2.112158755,8.613,1.2724,LOD,0.0278,0.22,7.09,,,,,,
AB4PC1,A,4,PC1,2,3_16_25,LOD,0.256468711,LOD,2.112158755,29.22,1.2724,LOD,0.0278,0.41,6.97,,,,,,
AB4PC2,A,4,PC2,2,3_16_25,LOD,0.256468711,LOD,2.112158755,46.37,1.2724,LOD,0.0278,0.66,NA,,,,,,
AB4MC0,A,4,MC0,2,3_16_25,LOD,0.256468711,LOD,2.112158755,24.47,1.2724,LOD,0.0278,0.59,7.79,,,,,,
AB4MC1,A,4,MC1,2,3_16_25,LOD,0.256468711,LOD,2.112158755,70.76,1.2724,LOD,0.0278,1.01,7.74,,,,,,
AB4MC2,A,4,MC2,2,3_16_25,LOD,0.256468711,LOD,2.112158755,58.38,1.2724,LOD,0.0278,0.81,7.53,,,,,,
BB1PC0,B,1,PC0,2,3_16_25,LOD,0.268446438,NA,2.101375861,NA,1.2724,NA,0.0278,NA,NA,,,,,,
BB1PC1,B,1,PC1,2,3_16_25,LOD,0.268446438,LOD,2.101375861,62.07,1.2724,0.182,0.0278,1.14,8.24,,,,,,
BB1PC2,B,1,PC2,2,3_16_25,LOD,0.268446438,LOD,2.101375861,28.28,1.2724,LOD,0.0278,0.63,8.35,,,,,,
BB1MC0,B,1,MC0,2,3_16_25,LOD,0.268446438,LOD,2.101375861,37.06,1.2724,LOD,0.0278,0.78,8.3,,,,,,
BB1MC1,B,1,MC1,2,3_16_25,LOD,0.268446438,LOD,2.101375861,72.36,1.2724,LOD,0.0278,1.42,7.84,,,,,,
BB1MC2,B,1,MC2,2,3_16_25,LOD,0.268446438,LOD,2.101375861,114.25,1.2724,LOD,0.0278,3.76,7.72,,,,,,
BB2PC0,B,2,PC0,2,3_16_25,LOD,0.268446438,LOD,2.101375861,53.01,1.2724,LOD,0.0278,1.21,8.41,,,,,,
BB2PC1,B,2,PC1,2,3_16_25,LOD,0.268446438,LOD,2.101375861,52.03,1.2724,LOD,0.0278,1.14,8.06,,,,,,
BB2PC2,B,2,PC2,2,3_16_25,LOD,0.268446438,LOD,2.101375861,79.51,1.2724,LOD,0.0278,4.48,8.14,,,,,,
BB2MC0,B,2,MC0,2,3_16_25,1.850485809,0.268446438,LOD,2.101375861,68.24,1.2724,1.139,0.0278,1.43,7.95,,,,,,
BB2MC1,B,2,MC1,2,3_16_25,LOD,0.268446438,LOD,2.101375861,94.6,1.2724,LOD,0.0278,1.79,8.03,,,,,,
BB2MC2,B,2,MC2,2,3_16_25,LOD,0.268446438,LOD,2.101375861,135.98,1.2724,LOD,0.0278,3.43,8.07,,,,,,
BB3PC0,B,3,PC0,2,3_16_25,LOD,0.268446438,LOD,2.101375861,54.87,1.2724,LOD,0.0278,1.06,7.89,,,,,,
BB3PC1,B,3,PC1,2,3_16_25,LOD,0.268446438,LOD,2.101375861,45.58,1.2724,0.078,0.0278,0.91,7.93,,,,,,
BB3PC2,B,3,PC2,2,3_16_25,1.37937074,0.268446438,LOD,2.101375861,35.98,1.2724,2.446,0.0278,0.97,7.92,,,,,,
BB3MC0,B,3,MC0,2,3_16_25,LOD,0.268446438,16.56262387,2.101375861,67.66,1.2724,LOD,0.0278,1.93,7.92,,,,,,
BB3MC1,B,3,MC1,2,3_16_25,LOD,0.268446438,LOD,2.101375861,80.25,1.2724,LOD,0.0278,1.57,7.88,,,,,,
BB3MC2,B,3,MC2,2,3_16_25,LOD,0.268446438,LOD,2.101375861,114.62,1.2724,LOD,0.0278,2.01,7.79,,,,,,
BB4PC0,B,4,PC0,2,3_16_25,LOD,0.268446438,LOD,2.101375861,30.47,1.2724,LOD,0.0278,0.8,7.81,,,,,,
BB4PC1,B,4,PC1,2,3_16_25,NA,0.268446438,NA,2.101375861,NA,1.2724,NA,0.0278,NA,NA,,,,,,
BB4PC2,B,4,PC2,2,3_16_25,LOD,0.268446438,LOD,2.101375861,31.48,1.2724,LOD,0.0278,0.74,8.06,,,,,,
BB4MC0,B,4,MC0,2,3_16_25,LOD,0.268446438,LOD,2.101375861,34.01,1.2724,LOD,0.0278,0.77,8.09,,,,,,
BB4MC1,B,4,MC1,2,3_16_25,LOD,0.268446438,LOD,2.101375861,37.68,1.2724,LOD,0.0278,1.02,8.33,,,,,,
BB4MC2,B,4,MC2,2,3_16_25,LOD,0.268446438,LOD,2.101375861,108.49,1.2724,LOD,0.0278,2.22,7.76,,,,,,
AB1PC0,A,1,PC0,2,3_27_25,NA,0.185798025,NA,NA,NA,1.2724,NA,0.0278,NA,NA,,,,,,
AB1PC1,A,1,PC1,2,3_27_25,LOD,0.185798025,LOD,1.912733163,6.54,1.2724,LOD,0.0278,0.23,7.96,,,,,,
AB1PC2,A,1,PC2,2,3_27_25,LOD,0.185798025,LOD,1.912733163,17.1,1.2724,0.709,0.0278,0.27,7.81,,,,,,
AB1MC0,A,1,MC0,2,3_27_25,1.713196885,0.185798025,LOD,1.912733163,48.48,1.2724,0.738,0.0278,0.86,8.52,,,,,,
AB1MC1,A,1,MC1,2,3_27_25,LOD,0.185798025,LOD,1.912733163,60.95,1.2724,LOD,0.0278,0.87,8.13,,,,,,
AB1MC2,A,1,MC2,2,3_27_25,LOD,0.185798025,LOD,1.912733163,71.58,1.2724,LOD,0.0278,1.22,7.71,,,,,,
AB2PC0,A,2,PC0,2,3_27_25,LOD,0.185798025,LOD,1.912733163,2.71,1.2724,LOD,0.0278,0.19,7.94,,,,,,
AB2PC1,A,2,PC1,2,3_27_25,LOD,0.185798025,LOD,1.912733163,2.036,1.2724,LOD,0.0278,0.23,7.84,,,,,,
AB2PC2,A,2,PC2,2,3_27_25,0.830398237,0.185798025,178.5209216,1.912733163,34.36,1.2724,0.553,0.0278,0.57,7.33,,,,,,
AB2MC0,A,2,MC0,2,3_27_25,NA,0.185798025,NA,NA,NA,1.2724,NA,0.0278,NA,NA,,,,,,
AB2MC1,A,2,MC1,2,3_27_25,LOD,0.185798025,LOD,1.912733163,45.58,1.2724,LOD,0.0278,0.75,7.14,,,,,,
AB2MC2,A,2,MC2,2,3_27_25,1.529839243,0.185798025,23.46638168,1.912733163,76.4,1.2724,0.113,0.0278,1.22,6.96,,,,,,
AB3PC0,A,3,PC0,2,3_27_25,0.788508939,0.185798025,LOD,1.912733163,NA,1.2724,NA,0.0278,NA,NA,,,,,,
AB3PC1,A,3,PC1,2,3_27_25,NA,0.185798025,NA,NA,NA,1.2724,NA,0.0278,NA,NA,,,,,,
AB3PC2,A,3,PC2,2,3_27_25,LOD,0.185798025,LOD,1.912733163,11.46,1.2724,LOD,0.0278,0.25,7.15,,,,,,
AB3MC0,A,3,MC0,2,3_27_25,LOD,0.185798025,LOD,1.912733163,48.35,1.2724,LOD,0.0278,0.82,8.13,,,,,,
AB3MC1,A,3,MC1,2,3_27_25,LOD,0.185798025,LOD,1.912733163,73.55,1.2724,LOD,0.0278,1.02,7.96,,,,,,
AB3MC2,A,3,MC2,2,3_27_25,1.118662741,0.185798025,LOD,1.912733163,68.005,1.2724,0.683,0.0278,1.25,NA,,,,,,
AB4PC0,A,4,PC0,2,3_27_25,NA,0.185798025,NA,NA,NA,1.2724,NA,0.0278,NA,NA,,,,,,
AB4PC1,A,4,PC1,2,3_27_25,LOD,0.185798025,LOD,1.912733163,38.95,1.2724,LOD,0.0278,0.48,8.28,,,,,,
AB4PC2,A,4,PC2,2,3_27_25,LOD,0.185798025,LOD,1.912733163,29.7,1.2724,NA,0.0278,0.63,NA,,,,,,
AB4MC0,A,4,MC0,2,3_27_25,LOD,0.185798025,LOD,1.912733163,32.874,1.2724,LOD,0.0278,0.69,8.32,,,,,,
AB4MC1,A,4,MC1,2,3_27_25,LOD,0.185798025,LOD,1.912733163,78.17,1.2724,LOD,0.0278,1.11,8.12,,,,,,
AB4MC2,A,4,MC2,2,3_27_25,LOD,0.185798025,LOD,1.912733163,59,1.2724,LOD,0.0278,0.85,7.92,,,,,,
BB1PC0,B,1,PC0,2,3_27_25,LOD,0.185798025,LOD,1.966338723,61.14,1.2724,0.0219,0.0278,1.18,8.19,,,,,,
BB1PC1,B,1,PC1,2,3_27_25,6.580990673,0.185798025,6.580990673,1.966338723,69.77,1.2724,2.316,0.0278,1.34,8.02,,,,,,
BB1PC2,B,1,PC2,2,3_27_25,LOD,0.185798025,LOD,1.966338723,46.59,1.2724,0.072,0.0278,0.9,7.82,,,,,,
BB1MC0,B,1,MC0,2,3_27_25,LOD,0.185798025,LOD,1.966338723,40.54,1.2724,LOD,0.0278,0.86,7.96,,,,,,
BB1MC1,B,1,MC1,2,3_27_25,LOD,0.185798025,LOD,1.966338723,89.4,1.2724,LOD,0.0278,1.76,7.62,,,,,,
BB1MC2,B,1,MC2,2,3_27_25,LOD,0.185798025,LOD,1.966338723,135.57,1.2724,LOD,0.0278,4.74,7.71,,,,,,
BB2PC0,B,2,PC0,2,3_27_25,1.600389742,0.185798025,LOD,1.966338723,59.73,1.2724,0.531,0.0278,1.41,8.89,,,,,,
BB2PC1,B,2,PC1,2,3_27_25,LOD,0.185798025,LOD,1.966338723,61.65,1.2724,LOD,0.0278,1.19,8.31,,,,,,
BB2PC2,B,2,PC2,2,3_27_25,3.160031194,0.185798025,3.160031194,1.966338723,120.51,1.2724,2.034,0.0278,6.19,7.81,,,,,,
BB2MC0,B,2,MC0,2,3_27_25,NA,0.185798025,NA,NA,NA,1.2724,NA,0.0278,NA,NA,,,,,,
BB2MC1,B,2,MC1,2,3_27_25,LOD,0.185798025,LOD,1.966338723,115,1.2724,LOD,0.0278,2.28,7.7,,,,,,
BB2MC2,B,2,MC2,2,3_27_25,LOD,0.185798025,LOD,1.966338723,159.04,1.2724,LOD,0.0278,4.15,7.69,,,,,,
BB3PC0,B,3,PC0,2,3_27_25,LOD,0.185798025,LOD,1.966338723,66.5,1.2724,LOD,0.0278,1.21,8.34,,,,,,
BB3PC1,B,3,PC1,2,3_27_25,LOD,0.185798025,LOD,1.966338723,60.93,1.2724,0.1035,0.0278,1.06,8.77,,,,,,
BB3PC2,B,3,PC2,2,3_27_25,NA,0.185798025,NA,NA,NA,1.2724,NA,0.0278,NA,NA,,,,,,
BB3MC0,B,3,MC0,2,3_27_25,LOD,0.185798025,LOD,1.966338723,76.74,1.2724,LOD,0.0278,1.97,8.47,,,,,,
BB3MC1,B,3,MC1,2,3_27_25,LOD,0.185798025,LOD,1.966338723,85.27,1.2724,LOD,0.0278,1.61,8.07,,,,,,
BB3MC2,B,3,MC2,2,3_27_25,LOD,0.185798025,LOD,1.966338723,142.58,1.2724,LOD,0.0278,2.49,7.71,,,,,,
BB4PC0,B,4,PC0,2,3_27_25,LOD,0.185798025,LOD,1.966338723,NA,1.2724,NA,0.0278,0.58,8.28,,,,,,
BB4PC1,B,4,PC1,2,3_27_25,NA,0.185798025,NA,NA,NA,1.2724,NA,0.0278,NA,NA,,,,,,
BB4PC2,B,4,PC2,2,3_27_25,LOD,0.185798025,LOD,1.966338723,45.39,1.2724,LOD,0.0278,0.92,8.22,,,,,,
BB4MC0,B,4,MC0,2,3_27_25,LOD,0.185798025,LOD,1.966338723,45.37,1.2724,LOD,0.0278,0.91,8.23,,,,,,
BB4MC1,B,4,MC1,2,3_27_25,LOD,0.185798025,LOD,1.966338723,46.22,1.2724,LOD,0.0278,1.16,8.31,,,,,,
BB4MC2,B,4,MC2,2,3_27_25,LOD,0.185798025,LOD,1.966338723,127.04,1.2724,LOD,0.0278,2.56,7.98,,,,,,
AB1PC0,A,1,PC0,2,4_11_25,NA,0.235185478,NA,2.071121506,NA,1.69,NA,0.0176,NA,NA,,,,,,
AB1PC1,A,1,PC1,2,4_11_25,2.011248003,0.235185478,8.420145281,2.071121506,10.04,1.69,1.630,0.018,0.25,6.15,,,,,,
AB1PC2,A,1,PC2,2,4_11_25,LOD,0.235185478,LOD,2.071121506,25.47,1.69,0.9960,0.0176,0.29,6.38,,,,,,
AB1MC0,A,1,MC0,2,4_11_25,NA,0.235185478,NA,2.071121506,NA,1.69,NA,0.0176,NA,NA,,,,,,
AB1MC1,A,1,MC1,2,4_11_25,LOD,0.235185478,LOD,2.071121506,86.96,1.69,0.0317,0.0176,1.01,6.29,,,,,,
AB1MC2,A,1,MC2,2,4_11_25,LOD,0.235185478,LOD,2.071121506,111.3,1.7,LOD,0.0176,1.59,6.31,,,,,,
AB2PC0,A,2,PC0,2,4_11_25,LOD,0.235185478,LOD,2.071121506,5.082,1.691,0.0240,0.0176,0.16,6.84,,,,,,
AB2PC1,A,2,PC1,2,4_11_25,LOD,0.235185478,LOD,2.071121506,4.547,1.691,0.0205,0.0176,0.2,6.74,,,,,,
AB2PC2,A,2,PC2,2,4_11_25,0.506492819,0.235185478,123.4169388,2.071121506,35.61,1.69,1.257,0.018,0.47,NA,,,,,,
AB2MC0,A,2,MC0,2,4_11_25,NA,0.235185478,NA,2.071121506,NA,1.69,NA,0.0176,NA,NA,,,,,,
AB2MC1,A,2,MC1,2,4_11_25,NA,0.235185478,NA,2.071121506,NA,1.69,NA,0.0176,NA,NA,,,,,,
AB2MC2,A,2,MC2,2,4_11_25,NA,0.235185478,NA,2.071121506,NA,1.69,NA,0.0176,NA,NA,,,,,,
AB3PC0,A,3,PC0,2,4_11_25,NA,0.235185478,NA,2.071121506,NA,1.69,NA,0.0176,NA,NA,,,,,,
AB3PC1,A,3,PC1,2,4_11_25,NA,0.235185478,NA,2.071121506,NA,1.69,NA,0.0176,NA,NA,,,,,,
AB3PC2,A,3,PC2,2,4_11_25,0.364054968,0.235185478,LOD,2.071121506,13.57,1.69,1.205,0.018,0.22,6.75,,,,,,
AB3MC0,A,3,MC0,2,4_11_25,LOD,0.235185478,LOD,2.071121506,58.49,1.69,0.0373,0.0176,0.74,7.86,,,,,,
AB3MC1,A,3,MC1,2,4_11_25,LOD,0.235185478,LOD,2.071121506,100.8,1.7,0.0484,0.0176,1.15,7.76,,,,,,
AB3MC2,A,3,MC2,2,4_11_25,NA,0.235185478,NA,2.071121506,NA,1.69,NA,0.0176,NA,NA,,,,,,
AB4PC0,A,4,PC0,2,4_11_25,NA,0.235185478,NA,2.071121506,NA,1.69,NA,0.0176,NA,NA,,,,,,
AB4PC1,A,4,PC1,2,4_11_25,LOD,0.235185478,LOD,2.071121506,46.50,1.69,0.1401,0.0176,0.45,7.33,,,,,,
AB4PC2,A,4,PC2,2,4_11_25,LOD,0.235185478,LOD,2.071121506,NA,1.69,NA,0.0176,0.63,NA,,,,,,
AB4MC0,A,4,MC0,2,4_11_25,LOD,0.235185478,LOD,2.071121506,40.02,1.6914,NA,0.0176,0.58,NA,,,,,,
AB4MC1,A,4,MC1,2,4_11_25,LOD,0.235185478,LOD,2.071121506,102.6,1.7,LOD,0.0176,1.24,7.22,,,,,,
AB4MC2,A,4,MC2,2,4_11_25,LOD,0.235185478,LOD,2.071121506,83.74,1.69,0.1077,0.0176,1.03,7.14,,,,,,
BB1PC0,B,1,PC0,2,4_11_25,LOD,0.227748802,LOD,2.037470927,72.08,1.69,0.0931,0.0176,1.23,7.77,,,,,,
BB1PC1,B,1,PC1,2,4_11_25,NA,0.227748802,NA,2.037470927,NA,1.69,NA,0.0176,NA,NA,,,,,,
BB1PC2,B,1,PC2,2,4_11_25,NA,0.227748802,NA,2.037470927,NA,1.69,NA,0.0176,NA,NA,,,,,,
BB1MC0,B,1,MC0,2,4_11_25,LOD,0.227748802,LOD,2.037470927,44.27,1.69,0.3701,0.0176,0.76,8.03,,,,,,
BB1MC1,B,1,MC1,2,4_11_25,LOD,0.227748802,LOD,2.037470927,119.9,1.7,1.125,0.018,1.96,NA,,,,,,
BB1MC2,B,1,MC2,2,4_11_25,LOD,0.227748802,LOD,2.037470927,170.8,1.7,0.0798,0.0176,4.75,7.62,,,,,,
BB2PC0,B,2,PC0,2,4_11_25,0.817686537,0.227748802,LOD,2.037470927,83.47,1.69,0.9880,0.0176,1.73,7.97,,,,,,
BB2PC1,B,2,PC1,2,4_11_25,NA,0.227748802,NA,2.037470927,NA,1.69,NA,0.0176,NA,NA,,,,,,
BB2PC2,B,2,PC2,2,4_11_25,NA,0.227748802,NA,2.037470927,NA,1.69,NA,0.0176,NA,NA,,,,,,
BB2MC0,B,2,MC0,2,4_11_25,NA,0.227748802,NA,2.037470927,NA,1.69,NA,0.0176,NA,NA,,,,,,
BB2MC1,B,2,MC1,2,4_11_25,NA,0.227748802,NA,2.037470927,NA,1.69,NA,0.0176,NA,NA,,,,,,
BB2MC2,B,2,MC2,2,4_11_25,NA,0.227748802,NA,2.037470927,NA,1.69,NA,0.0176,NA,NA,,,,,,
BB3PC0,B,3,PC0,2,4_11_25,0.975595161,0.227748802,4.415909076,2.037470927,86.66,1.69,0.2613,0.0176,1.28,8.58,,,,,,
BB3PC1,B,3,PC1,2,4_11_25,NA,0.227748802,NA,2.037470927,NA,1.69,NA,0.0176,NA,NA,,,,,,
BB3PC2,B,3,PC2,2,4_11_25,NA,0.227748802,NA,2.037470927,NA,1.69,NA,0.0176,NA,NA,,,,,,
BB3MC0,B,3,MC0,2,4_11_25,LOD,0.227748802,LOD,2.037470927,91.70,1.69,0.0570,0.0176,2.01,8.16,,,,,,
BB3MC1,B,3,MC1,2,4_11_25,LOD,0.227748802,LOD,2.037470927,104.2,1.7,0.0857,0.0176,1.64,8.39,,,,,,
BB3MC2,B,3,MC2,2,4_11_25,NA,0.227748802,NA,2.037470927,NA,1.69,NA,0.0176,NA,NA,,,,,,
BB4PC0,B,4,PC0,2,4_11_25,LOD,0.227748802,LOD,2.037470927,44.14,1.6914,NA,0.0176,0.53,NA,,,,,,
BB4PC1,B,4,PC1,2,4_11_25,NA,0.227748802,NA,2.037470927,NA,1.69,NA,0.0176,NA,NA,,,,,,
BB4PC2,B,4,PC2,2,4_11_25,0.685918234,0.227748802,LOD,2.037470927,NA,1.69,NA,0.0176,0.83,NA,,,,,,
BB4MC0,B,4,MC0,2,4_11_25,LOD,0.227748802,LOD,2.037470927,68.83,1.69,0.0855,0.0176,1.08,7.64,,,,,,
BB4MC1,B,4,MC1,2,4_11_25,LOD,0.227748802,LOD,2.037470927,55.39,1.69,0.0733,0.0176,1.16,7.79,,,,,,
BB4MC2,B,4,MC2,2,4_11_25,2.629901131,0.227748802,LOD,2.037470927,164.3,1.6914,NA,0.0176,2.67,7.9,,,,,,